,Abstract,Year
1995,"Background: Individuals with chronic kidney disease (CKD), hypertension (HTN), or diabetes mellitus (DM) are at increased risk for cardiovascular disease (CVD). The extent to which psychosocial factors are associated with increased CVD risk within these individuals is unclear. Black individuals experience a high degree of psychosocial stressors due to socioeconomic factors, environment, racism, and discrimination. We examined the association between psychosocial factors and risk of CVD events among Black men and women with CKD and CKD risk factors in the Jackson Heart Study. Methods and Results: We identified 1919 participants with prevalent CKD or CKD risk factors at baseline. We used rotated principal component analysis - a form of unsupervised machine learning that may identify constructs not intuitively identified by a person - to describe five groups of psychosocial components (including negative moods, religiosity, discrimination, negative outlooks, and negative coping resources) based on a battery of questionnaires. Multiple imputation by chained equation (MICE) was used to impute missing covariate data. Cox models were used to quantify the association between psychosocial components and incident CVD, defined as a fatal coronary heart disease event, myocardial infarction, cardiac procedure (angiography or revascularization procedure), or stroke. Of the 929 participants in the analysis, 67% were female, 28% were current/former smokers with mean age of 56 years and mean BMI of 33 kg/m2. Over a median follow-up of 8 years, 6% had an incident CVD event. In multivariable models, each standard deviation (SD) increase in the religiosity component was associated with an increased hazard for CVD event (hazard ratio [HR] = 1.52, 95% CI: 1.09–2.13). Conclusions: Religiosity was associated with CVD among participants with prevalent CKD or CKD risk factors. Studies to better understand the mechanisms of this relationship are needed. © 2021, The Author(s).",2021
1577,"BACKGROUND: Contemporary guidelines recommend using atherosclerotic cardiovascular disease screening tools to guide primary prevention. The performance of these scores is not well known in patients with moderate to advanced chronic kidney disease, particularly in combination with clinically available cardiac biomarkers including N-terminal pro– brain-type natriuretic peptide and high-sensitivity troponin T (hsTnT). METHODS AND RESULTS: We studied 1027 participants from the Chronic Renal Insufficiency Cohort without self-reported atherosclerotic cardiovascular disease who were not taking aspirin or statins at enrollment. Framingham Risk Score, Pooled Cohort Equation, N-terminal pro– brain-type natriuretic peptide, and hsTnT were measured at baseline. Outcomes included fatal and nonfatal myocardial infarction, stroke, and cardiac death. We calculated 10-fold cross-validated Harrell’s C-indices for each risk score and cardiac biomarker alone and in combination. The C-index (95% CI) for discrimination of atherosclerotic cardiovascular disease was 0.72 (0.67, 0.77) for the Framingham Risk Score, and 0.72 (0.67, 0.76) for the Pooled Cohort Equation. HsTnT had comparable discrimination to each risk score, and improved the discrimination of each (change in Framingham 0.029, 95% CI 0.003, 0.055; change in Pooled Cohort Equation 0.027, 95% CI 0.002, 0.052). N-terminal pro– brain-type natriuretic peptide had poorer discrimination than the risk scores and did not significantly improve their discrimination (change in Framingham 0.009, 95% CI −0.001, 0.018; change in Pooled Cohort Equation 0.011, 95% CI −0.001, 0.024). CONCLUSIONS: The Framingham Risk Score and Pooled Cohort Equation demonstrated moderate discrimination for atherosclerotic cardiovascular disease in patients with chronic kidney disease. HsTnT, but not N-terminal pro– brain-type natriuretic peptide, improved their discrimination overall. Until chronic kidney disease– specific atherosclerotic cardiovascular disease risk scores can be developed, it may be worth considering how to incorporate hsTnT into existing clinical risk scores. © 2022 The Authors.",2022
1750,[No abstract available],2020
1692,"A variety of atherosclerosis and cardiovascular disease (ASCVD) phenotypes are tightly linked to changes in the cardiac energy metabolism that can lead to a loss of metabolic flexibility and to unfavorable clinical outcomes. We conducted an association analysis of 31 ASCVD phenotypes and 97 whole blood amino acids, acylcarnitines and derived ratios in the LIFE-Adult (n = 9646) and LIFE-Heart (n = 5860) studies, respectively. In addition to hundreds of significant associations, a total of 62 associations of six phenotypes were found in both studies. Positive associations of various amino acids and a range of acylcarnitines with decreasing cardiovascular health indicate disruptions in mitochondrial, as well as peroxisomal fatty acid oxidation. We complemented our metabolite association analyses with whole blood and peripheral blood mononuclear cell (PBMC) gene-expression analyses of fatty acid oxidation and ketone-body metabolism related genes. This revealed several differential expressions for the heart failure biomarker N-terminal prohormone of brain natriuretic peptide (NT-proBNP) in peripheral blood mononuclear cell (PBMC) gene expression. Finally, we constructed and compared three prediction models of significant stenosis in the LIFEHeart study using (1) traditional risk factors only, (2) the metabolite panel only and (3) a combined model. Area under the receiver operating characteristic curve (AUC) comparison of these three models shows an improved prediction accuracy for the combined metabolite and classical risk factor model (AUC = 0.78, 95%-CI: 0.76–0.80). In conclusion, we improved our understanding of metabolic implications of ASCVD phenotypes by observing associations with metabolite concentrations and gene expression of the mitochondrial and peroxisomal fatty acid oxidation. Additionally, we demonstrated the predictive potential of the metabolite profile to improve classification of patients with significant stenosis. © 2022 by the authors. Licensee MDPI, Basel, Switzerland.",2022
1756,"In interventional cardiology (IC) the radiation dose variation is very significant, and its estimation has been difficult due to the complexity of the treatments. In order to tackle this problem, the aim of this study was to identify the most important demographic and clinical features to estimate Kerma-Area Product (KAP) radiation dose in coronary angiographies (CA) and percutaneous coronary interventions (PCI). The study was retrospective using clinical patient data from 838 CA and PCI procedures. A total of 59 features were extracted from the patient data and 9 different filter-based feature selection methods were used to select the most informative features in terms of the KAP radiation dose from the treatments. The selected features were then used in a support vector regression (SVR) model to evaluate their performance in estimating the radiation dose. The ten highest-ranking features were: (1) FN1AC (CA), (2) FN2BA (PCI), (3) weight, (4) post-stenosis 0%, (5) multi-vessel disease, (6) number of procedures 3, (7) pre-stenosis 100%, (8) American Heart Association (AHA) score C, (9) pre-stenosis 85% and (10) gender. The performance of the SVR model increased (mean squared error ≈ 450) with the number of features approximately up to 30 features. The identification of the most informative features for CA and PCI KAP is an important step in determining suitable complexity models for clinical practice. The highest-ranking features can be used as individual predictors of IC procedure KAP or can be incorporated into combined complexity score or different estimation models in the future. © 2020",2020
1953,"Objective: Ischemic heart disease (IHD), in its chronic stable form, is a subtle pathology due to its silent behavior before developing in unstable angina, myocardial infarction or sudden cardiac death. The clinical assessment is based on typical symptoms and finally confirmed, invasively, by coronary angiography. Recently, heart rate variability (HRV) analysis as well as some machine learning algorithms like artificial neural networks (ANNs) were used to identify cardiovascular arrhythmias and, only in few cases, to classify IHD segments in a limited number of subjects. The goal of this study was the identification of the ANN structure and the HRV parameters producing the best performance to identify IHD patients in a non-invasive way, validating the results on a large sample of subjects. Moreover, we examined the influence of a clinical non-invasive parameter, the left ventricular ejection fraction (LVEF), on the classification performance. Approach: To this aim, we extracted several linear and non-linear parameters from 24 h RR signal, considering both normal and ectopic beats (heart rate total variability), of 251 normal and 245 IHD subjects, matched by age and gender. ANNs using several different combinations of these parameters together with age and gender were tested. For each ANN, we varied the number of hidden neurons from 2 to 7 and simulated 100 times, changing randomly the training and test dataset. Main results: The HRTV parameters showed significant greater variability in IHD than in normal subjects. The ANN applied to mean RR, LF, LF/HF, beta exponent, SD2 together with age and gender reached a maximum accuracy of 71.8% and, by adding as input LVEF, an accuracy of 79.8%. Significance: The study provides a deep insight into how a combination of some HRTV parameters and LVEF could be exploited to reliably detect the presence of subjects affected by IHD. © 2020 Institute of Physics and Engineering in Medicine",2020
1669,"Aims/hypothesis: Type 2 diabetes is a heterogeneous disease process with variable trajectories of CVD risk. We aimed to evaluate four phenomapping strategies and their ability to stratify CVD risk in individuals with type 2 diabetes and to identify subgroups who may benefit from specific therapies. Methods: Participants with type 2 diabetes and free of baseline CVD in the Action to Control Cardiovascular Risk in Diabetes (ACCORD) trial were included in this study (N = 6466). Clustering using Gaussian mixture models, latent class analysis, finite mixture models (FMMs) and principal component analysis was compared. Clustering variables included demographics, medical and social history, laboratory values and diabetes complications. The interaction between the phenogroup and intensive glycaemic, combination lipid and intensive BP therapy for the risk of the primary outcome (composite of fatal myocardial infarction, non-fatal myocardial infarction or unstable angina) was evaluated using adjusted Cox models. The phenomapping strategies were independently assessed in an external validation cohort (Look Action for Health in Diabetes [Look AHEAD] trial: n = 4211; and Bypass Angioplasty Revascularisation Investigation 2 Diabetes [BARI 2D] trial: n = 1495). Results: Over 9.1 years of follow-up, 789 (12.2%) participants had a primary outcome event. FMM phenomapping with three phenogroups was the best-performing clustering strategy in both the derivation and validation cohorts as determined by Bayesian information criterion, Dunn index and improvement in model discrimination. Phenogroup 1 (n = 663, 10.3%) had the highest burden of comorbidities and diabetes complications, phenogroup 2 (n = 2388, 36.9%) had an intermediate comorbidity burden and lowest diabetes complications, and phenogroup 3 (n = 3415, 52.8%) had the fewest comorbidities and intermediate burden of diabetes complications. Significant interactions were observed between phenogroups and treatment interventions including intensive glycaemic control (p-interaction = 0.042) and combination lipid therapy (p-interaction < 0.001) in the ACCORD, intensive lifestyle intervention (p-interaction = 0.002) in the Look AHEAD and early coronary revascularisation (p-interaction = 0.003) in the BARI 2D trial cohorts for the risk of the primary composite outcome. Favourable reduction in the risk of the primary composite outcome with these interventions was noted in low-risk participants of phenogroup 3 but not in other phenogroups. Compared with phenogroup 3, phenogroup 1 participants were more likely to have severe/symptomatic hypoglycaemic events and medication non-adherence on follow-up in the ACCORD and Look AHEAD trial cohorts. Conclusions/interpretation: Clustering using FMMs was the optimal phenomapping strategy to identify replicable subgroups of patients with type 2 diabetes with distinct clinical characteristics, CVD risk and response to therapies. Graphical abstract: [Figure not available: see fulltext.]. © 2021, The Author(s), under exclusive licence to Springer-Verlag GmbH Germany, part of Springer Nature.",2021
1558,"Objectives: The aim of this study was to precisely phenotype culprit and nonculprit lesions in myocardial infarction (MI) and lesions in stable coronary artery disease (CAD) using coronary computed tomography angiography (CTA)-based radiomic analysis. Background: It remains debated whether any single coronary atherosclerotic plaque within the vulnerable patient exhibits unique morphology conferring an increased risk of clinical events. Methods: A total of 60 patients with acute MI prospectively underwent coronary CTA before invasive angiography and were matched to 60 patients with stable CAD. For all coronary lesions, high-risk plaque (HRP) characteristics were qualitatively assessed, followed by semiautomated plaque quantification and extraction of 1,103 radiomic features. Machine learning models were built to examine the additive value of radiomic features for discriminating culprit lesions over and above HRP and plaque volumes. Results: Culprit lesions had higher mean volumes of noncalcified plaque (NCP) and low-density noncalcified plaque (LDNCP) compared with the highest-grade stenosis nonculprits and highest-grade stenosis stable CAD lesions (NCP: 138.1 mm3 vs 110.7 mm3 vs 102.7 mm3; LDNCP: 14.2 mm3 vs 9.8 mm3 vs 8.4 mm3; both Ptrend < 0.01). In multivariable linear regression adjusted for NCP and LDNCP volumes, 14.9% (164 of 1,103) of radiomic features were associated with culprits and 9.7% (107 of 1,103) were associated with the highest-grade stenosis nonculprits (critical P < 0.0007) when compared with highest-grade stenosis stable CAD lesions as reference. Hierarchical clustering of significant radiomic features identified 9 unique data clusters (latent phenotypes): 5 contained radiomic features specific to culprits, 1 contained features specific to highest-grade stenosis nonculprits, and 3 contained features associated with either lesion type. Radiomic features provided incremental value for discriminating culprit lesions when added to a machine learning model containing HRP and plaque volumes (area under the receiver-operating characteristic curve 0.86 vs 0.76; P = 0.004). Conclusions: Culprit lesions and highest-grade stenosis nonculprit lesions in MI have distinct radiomic signatures compared with lesions in stable CAD. Within the vulnerable patient may exist individual vulnerable plaques identifiable by coronary CTA-based precision phenotyping. © 2022 American College of Cardiology Foundation",2022
1845,"Background: Machine-Learning Computed Tomography-Based Fractional Flow Reserve (CT-FFRML) is a novel tool for the assessment of hemodynamic relevance of coronary artery stenoses. We examined the diagnostic performance of CT-FFRML compared to stress perfusion cardiovascular magnetic resonance (CMR) and tested if there is an additional value of CT-FFRML over coronary computed tomography angiography (cCTA). Methods: Our retrospective analysis included 269 vessels in 141 patients (mean age 67 ± 9 years, 78% males) who underwent clinically indicated cCTA and subsequent stress perfusion CMR within a period of 2 months. CT-FFRML values were calculated from standard cCTA. Results: CT-FFRML revealed no hemodynamic significance in 79% of the patients having ≥ 50% stenosis in cCTA. Chi2 values for the statistical relationship between CT-FFRML and stress perfusion CMR was significant (p < 0.0001). CT-FFRML and cCTA (≥ 70% stenosis) provided a per patient sensitivity of 88% (95%CI 64–99%) and 59% (95%CI 33–82%); specificity of 90% (95%CI 84–95%) and 85% (95%CI 78–91%); positive predictive value of 56% (95%CI 42–69%) and 36% (95%CI 24–50%); negative predictive value of 98% (95%CI 94–100%) and 94% (95%CI 90–96%); accuracy of 90% (95%CI 84–94%) and 82% (95%CI 75–88%) when compared to stress perfusion CMR. The accuracy of cCTA (≥ 50% stenosis) was 19% (95%CI 13–27%). The AUCs were 0.89 for CT-FFRML and 0.74 for cCTA (≥ 70% stenosis) and therefore significantly different (p < 0.05). Conclusion: CT-FFRML compared to stress perfusion CMR as the reference standard shows high diagnostic power in the identification of patients with hemodynamically significant coronary artery stenosis. This could support the role of cCTA as gatekeeper for further downstream testing and may reduce the number of patients undergoing unnecessary invasive workup. © 2022, The Author(s).",2022
1509,"Background: Separate noncontrast CT to quantify the coronary artery calcium (CAC) score often precedes coronary CT angiography (CTA). Quantifying CAC scores directly at CTA would eliminate the additional radiation produced at CT but remains challenging. Purpose: To quantify CAC scores automatically from a single CTA scan. Materials and Methods: In this retrospective study, a deep learning method to quantify CAC scores automatically from a single CTA scan was developed on training and validation sets of 292 patients and 73 patients collected from March 2019 to July 2020. Virtual noncontrast scans obtained with a spectral CT scanner were used to develop the algorithm to alleviate tedious manual annotation of calcium regions. The proposed method was validated on an independent test set of 240 CTA scans collected from three different CT scanners from August 2020 to November 2020 using the Pearson correlation coefficient, the coefficient of determination, or r2, and the Bland-Altman plot against the semiautomatic Agatston score at noncontrast CT. The cardiovascular risk categorization performance was evaluated using weighted k based on the Agatston score (CAC score risk categories: 0-10, 11-100, 101-400, and .400). Results: Two hundred forty patients (mean age, 60 years 6 11 [standard deviation]; 146 men) were evaluated. The positive correlation between the automatic deep learning CTA and semiautomatic noncontrast CT CAC score was excellent (Pearson correlation = 0.96; r2 = 0.92). The risk categorization agreement based on deep learning CTA and noncontrast CT CAC scores was excellent (weighted k = 0.94 [95% CI: 0.91, 0.97]), with 223 of 240 scans (93%) categorized correctly. All patients who were miscategorized were in the direct neighboring risk groups. The proposed method's differences from the noncontrast CT CAC score were not statistically significant with regard to scanner (P = .15), sex (P = .051), and section thickness (P = .67). Conclusion: A deep learning automatic calcium scoring method accurately quantified coronary artery calcium from CT angiography images and categorized risk.  © RSNA, 2021.",2022
1613,"Background and Objective: Clinical concern for acute coronary syndrome (ACS) is one of emergency medicine's most common patient encounters. This study aims to develop an ensemble learning-driven framework as a diagnostic support tool to prevent misdiagnosis. Methods: We obtained extensive clinical electronic health data on patient encounters with clinical concerns for ACS from a large urban emergency department (ED) between January 2017 and August 2020. We applied an analytical framework equipped with many well-developed algorithms to improve the data quality by addressing missing values, dimensionality reduction, and data imbalance. We trained ensemble learning algorithms to classify patients with ACS or non-ACS etiologies of their symptoms. We used performance evaluation metrics such as accuracy, sensitivity, precision, F1-score, and the area under the receiver operating characteristic (AUROC) to measure the model's performance. Results: The analysis included 31,228 patients, of whom 563 (1.8%) had ACS and 30,665 (98.2%) had alternative diagnoses. Eleven features, including systolic blood pressure, brain natriuretic peptide, chronic heart disease, coronary artery disease, creatinine, glucose, heart attack, heart rate, nephrotic syndrome, red cell distribution width, and troponin level, are reported as significantly contributing risk factors. The proposed framework successfully classifies these cohorts with sensitivity and AUROC as high as 86.3% and 93.3%. Our proposed model's accuracy, precision, specificity, Matthew's correlation coefficient, and F1-score were 85.7%, 86.3%, 93%, 80%, and 86.3%, respectively. Conclusion: Our proposed framework can identify early patients with ACS through further refinement and validation. © 2022",2022
1782,"Glaucoma is a progressive optic neuropathy, which damages the optic nerve head and causes irreversible visual field loss. It is considered as one of the major cause of blindness. Clinical diagnosis of glaucoma involves fundus photography for examining the changes occurring due to glaucoma. Fundus images are capable of being processed by computational algorithms. Thus, development of an automated diagnostic system using image processing techniques is of great importance for detection of glaucoma during mass screening. The proposed method aims to develop a computer aided diagnostic (CAD) system for glaucoma detection. First, automated segmentation algorithms for optic disc and optic cup are developed which overcomes the reduced variability present between the region of interest and the background. Second, the segmented regions are used to obtain the clinical and textural features. Finally an efficient classification model is developed by considering the dynamic classifier selection methods. The proposed method is tested on a hospital dataset and publically available Drishti dataset. The quantitative results proves the efficiency of the adopted methodology and thus, can be incorporated in CAD of glaucoma. © 2020 Elsevier Ltd",2021
1876,"Background: Despite recent improvements in the burden of cardiovascular disease (CVD) in the UK, deaths from CVD are relatively high compared with other high-income countries. An estimated 7 million people in the UK are living with CVD, and the healthcare cost is approximately £11 billion annually. In more than 90% of cases, the risk of a first heart attack is thought to be related to modifiable risk factors including smoking, poor diet, lipidemia, high blood pressure, inactivity, obesity and excess alcohol consumption. The aim of the study is to synthesise evidence for the comparative effectiveness and cost-effectiveness of different interventions for the primary prevention of CVD. Methods: We will systematically search databases (for example, MEDLINE (Ovid), Embase (Ovid), Cochrane Library) and the reference lists of previous systematic reviews for randomised controlled trials that assess the effectiveness and cost-effectiveness of any form of intervention aimed at adult populations for the primary prevention of CVD, including but not limited to lipid lowering medications, blood pressure lowering medications, antiplatelet agents, nutritional supplements, dietary interventions, health promotion programmes, physical activity interventions or structural and policy interventions. Interventions may or may not be targeted at high-risk groups. Publications from any year will be considered for inclusion. The primary outcome will be all cause mortality. Secondary outcomes will be cardiovascular diseases related mortality, major cardiovascular events, coronary heart disease, incremental costs per quality-adjusted life years gained. If data permits, we will use network meta-analysis to compare and rank effectiveness of different interventions, and test effect modification of intervention effectiveness using subgroup analyses and meta-regression analyses. Discussion: The results will be important for policymakers when making decisions between multiple possible alternative strategies to prevent CVD. Compared to results from existing multiple separate pairwise meta-analyses, this overarching synthesis of all relevant work will enhance decision-making. The findings will be crucial to inform evidence-based priorities and guidelines for policies and planning prevention strategies of CVD. Systematic review registration: PROSPERO CRD42019123940. © 2020 The Author(s).",2020
1709,"Heart failure is a clinical syndrome that occurs when the heart is too weak or stiff and cannot pump enough blood that our body needs. It is one of the most expensive diseases due to frequent hospitalizations and emergency room visits. Reducing unnecessary rehospitalizations is also an important and challenging task that has the potential of saving healthcare costs, enabling discharge planning, and identifying patients at high risk. Therefore, this paper proposes a deep learning-based prediction model of heart failure rehospitalization during 6, 12, 24-month follow-ups after hospital discharge in patients with acute myocardial infarction (AMI). We used the Korea Acute Myocardial Infarction-National Institutes of Health (KAMIR-NIH) registry which included 13,104 patient records and 551 features. The proposed deep learning-based rehospitalization prediction model outperformed traditional machine learning algorithms such as logistic regression, support vector machine, AdaBoost, gradient boosting machine, and random forest. The performance of the proposed model was accuracy, the area under the curve, precision, recall, specificity, and F1 score of 99.37%, 99.90%, 96.86%, 98.61%, 99.49%, and 97.73%, respectively. This study showed the potential of a deep learning-based model for cardiology, which can be used for decision-making and medical diagnosis tool of heart failure rehospitalization in patients with AMI. © The Author(s) 2022.",2022
1610,"Aims : Heart failure with preserved ejection fraction (HFpEF) is a rapidly growing global health problem. To date, diagnosis of HFpEF is based on clinical, invasive, and laboratory examinations. Electrocardiographic findings may vary, and there are no known typical ECG features for HFpEF. Methods and results : This study included two patient cohorts. In the derivation cohort, we included n = 1884 patients who presented with exertional dyspnoea or equivalent and preserved ejection fraction (≥50%) and clinical suspicion for coronary artery disease. The ECGs were divided in segments, yielding a total of 77 558 samples. We trained a convolutional neural network (CNN) to classify HFpEF and control patients according to European Society of Cardiology (ESC) criteria. An external group of 203 volunteers in a prospective heart failure screening programme served as a validation cohort of the CNN. The external validation of the CNN yielded an area under the curve of 0.80 [95% confidence interval (CI) 0.74-0.86] for detection of HFpEF according to ESC criteria, with a sensitivity of 0.99 (95% CI 0.98-0.99) and a specificity of 0.60 (95% CI 0.56-0.64), with a positive predictive value of 0.68 (95%CI 0.64-0.72) and a negative predictive value of 0.98 (95% CI 0.95-0.99). Conclusion : In this study, we report the first deep learning-enabled CNN for identifying patients with HFpEF according to ESC criteria including NT-proBNP measurements in the diagnostic algorithm among patients at risk. The suitability of the CNN was validated on an external validation cohort of patients at risk for developing heart failure, showing a convincing screening performance. © 2021 The Author(s). Published by Oxford University Press on behalf of the European Society of Cardiology.",2021
1934,"We propose a fully automated algorithm based on a deep learning framework enabling screening of a coronary computed tomography angiography (CCTA) examination for confident detection of the presence or absence of coronary artery atherosclerosis. The system starts with extracting the coronary arteries and their branches from CCTA datasets and representing them with multi-planar reformatted volumes; pre-processing and augmentation techniques are then applied to increase the robustness and generalization ability of the system. A 3-dimensional convolutional neural network (3D-CNN) is utilized to model pathological changes (e.g., atherosclerotic plaques) in coronary vessels. The system learns the discriminatory features between vessels with and without atherosclerosis. The discriminative features at the final convolutional layer are visualized with a saliency map approach to provide visual clues related to atherosclerosis likelihood and location. We have evaluated the system on a reference dataset representing 247 patients with atherosclerosis and 246 patients free of atherosclerosis. With five fold cross-validation, an Accuracy = 90.9%, Positive Predictive Value = 58.8%, Sensitivity = 68.9%, Specificity of 93.6%, and Negative Predictive Value (NPV) = 96.1% are achieved at the artery/branch level with threshold 0.5. The average area under the receiver operating characteristic curve is 0.91. The system indicates a high NPV, which may be potentially useful for assisting interpreting physicians in excluding coronary atherosclerosis in patients with acute chest pain. © 2020 The Author(s)",2020
1988,"Objectives: The purpose of this study was to establish whether an artificially intelligent (AI) system can be developed to automate stress echocardiography analysis and support clinician interpretation. Background: Coronary artery disease is the leading global cause of mortality and morbidity and stress echocardiography remains one of the most commonly used diagnostic imaging tests. Methods: An automated image processing pipeline was developed to extract novel geometric and kinematic features from stress echocardiograms collected as part of a large, United Kingdom-based prospective, multicenter, multivendor study. An ensemble machine learning classifier was trained, using the extracted features, to identify patients with severe coronary artery disease on invasive coronary angiography. The model was tested in an independent U.S. study. How availability of an AI classification might impact clinical interpretation of stress echocardiograms was evaluated in a randomized crossover reader study. Results: Acceptable classification accuracy for identification of patients with severe coronary artery disease in the training data set was achieved on cross-fold validation based on 31 unique geometric and kinematic features, with a specificity of 92.7% and a sensitivity of 84.4%. This accuracy was maintained in the independent validation data set. The use of the AI classification tool by clinicians increased inter-reader agreement and confidence as well as sensitivity for detection of disease by 10% to achieve an area under the receiver-operating characteristic curve of 0.93. Conclusions: Automated analysis of stress echocardiograms is possible using AI and provision of automated classifications to clinicians when reading stress echocardiograms could improve accuracy, inter-reader agreement, and reader confidence. © 2022 The Authors",2022
1531,[No abstract available],2022
1648,"The study aims to grasp the hot spots and trends of global cardiopulmonary exercise research.Web of Science (WoS) core collection and Derwent Innovation Index database were retrieved to collect literature from 2002 to 2022 with Cardiopulmonary Exercise Test (CPET) as the retrieval theme. CiteSpace was used to conduct bibliometrics and visual analysis of 6679 pieces of literature in the web of science core collection database and 251 patent data in the Derwent Innovation Index database. The results show that: (1) the number of CPET theme research papers is increasing year by year, and the main research fields are cardiology, respiratory system, sports science, etc.; (2) The main research hot spots of CPET include exercise prescription, exercise and heart failure, COVID-19 cardiopulmonary rehabilitation and evaluation, etc.; (3) The development trend of CPET technology is majorly in the direction of intelligence, portability, individualization and the integration of Virtual Reality (VR) technology and evidence-based research of CPET guiding clinical decision-making. © 2022 The Authors",2022
2024,"Importance: The comparative cardiovascular safety of analogue and human insulins in adults with type 2 diabetes who initiate insulin therapy in usual care settings has not been carefully evaluated using machine learning and other rigorous analytic methods. Objective: To examine the association of analogue vs human insulin use with mortality and major cardiovascular events. Design, Setting, and Participants: This retrospective cohort study included 127600 adults aged 21 to 89 years with type 2 diabetes at 4 health care delivery systems who initiated insulin therapy from January 1, 2000, through December 31, 2013. Machine learning and rigorous inference methods with time-varying exposures were used to evaluate associations of continuous exposure to analogue vs human insulins with mortality and major cardiovascular events. Data were analyzed from September 1, 2017, through June 30, 2018. Exposures: On the index date (first insulin dispensing), participants were classified as using analogue insulin with or without human insulin or human insulin only. Main Outcomes and Measures: Overall mortality, mortality due to cardiovascular disease (CVD), myocardial infarction (MI), stroke or cerebrovascular accident (CVA), and hospitalization for congestive heart failure (CHF) were evaluated. Marginal structural modeling (MSM) with inverse probability weighting was used to compare event-free survival in separate per-protocol analyses. Adjusted and unadjusted hazard ratios and cumulative risk differences were based on logistic MSM parameterizations for counterfactual hazards. Propensity scores were estimated using a data-adaptive approach (machine learning) based on 3 nested covariate adjustment sets. Sensitivity analyses were conducted to address potential residual confounding from unmeasured differences in risk factors across delivery systems. Results: The 127600 participants (mean [SD] age, 59.4 [12.6] years; 68 588 men [53.8%]; mean [SD] body mass index, 32.3 [7.1]) had a median follow-up of 4 quarters (interquartile range, 3-9 quarters) and experienced 5464 deaths overall (4.3%), 1729 MIs (1.4%), 1301 CVAs (1.0%), and 3082 CHF hospitalizations (2.4%). There were no differences in adjusted hazard ratios for continuous analogue vs human insulin exposure during 10 quarters for overall mortality (1.15; 95% CI, 0.97-1.34), CVD mortality (1.26; 95% CI, 0.86-1.66), MI (1.11; 95% CI, 0.77-1.45), CVA (1.30; 95% CI, 0.81-1.78), or CHF hospitalization (0.93; 95% CI, 0.75-1.11). Conclusions and Relevance: Insulin-naive adults with type 2 diabetes who initiate and continue treatment with human vs analogue insulins had similar observed rates of major cardiovascular events, CVD mortality, and overall mortality. Copyright © JAMA Network Open. All rights reserved.",2020
1787,"Purpose: In recent years, the complete blood count with differential (CBC w/diff) test has drawn strong interest because of its prognostic value in cardiovascular diseases. We aimed to develop a CBC w/diff-based prediction model for in-hospital mortality among patients with severe acute myocardial infarction (AMI) in the coronary care unit (CCU). Materials and methods: This single-center retrospective study used data from a public database. The neural network method was applied. The performance of the model was assessed by discrimination and calibration. The discrimination performance of our model was compared to that of seven other classical machine learning models and five well-studied CBC w/diff clinical indicators. Finally, a permutation test was applied to evaluate the importance rank of the predictor variables. Results: A total of 2,231 patient medical records were included. With a mean area under the curve (AUC) of 0.788 [95% confidence interval (CI), 0.736–0.838], our model outperformed all other models and indices. Furthermore, it performed well in calibration. Finally, the top three predictors were white blood cell count (WBC), red blood cell distribution width-coefficient of variation (RDW-CV), and neutrophil percentage. Surprisingly, after dropping seven variables with poor prediction values, the AUC of our model increased to 0.812 (95% CI, 0.762–0.859) (P < 0.05). Conclusion: We used a neural network method to develop a risk prediction model for in-hospital mortality among patients with AMI in the CCU based on the CBC w/diff test, which performed well and would aid in early clinical decision-making. The top three important predictors were WBC, RDW-CV and neutrophil percentage. Copyright © 2022 Wang, Li, Yuan, Ren, Liu, Zheng, Lin, Ren and Gao.",2022
1811,"Introduction Type 2 diabetes mellitus (T2DM) is a major cause of blindness, kidney failure, myocardial infarction, stroke and lower limb amputation. We are still unable, however, to accurately predict or identify which patients are at a higher risk of deterioration. Most risk stratification tools do not account for novel factors such as sociodemographic determinants, self-management ability or access to healthcare. Additionally, most tools are based in clinical trials, with limited external generalisability. Objective The aim of this work is to design and validate a machine learning-based tool to identify patients with T2DM at high risk of clinical deterioration, based on a comprehensive set of patient-level characteristics retrieved from a population health linked dataset. Sample and design Retrospective cohort study of patients with diagnosis of T2DM on 1 January 2015, with a 5-year follow-up. Anonymised electronic healthcare records from the Whole System Integrated Care (WSIC) database will be used. Preliminary outcomes Outcome variables of clinical deterioration will include retinopathy, chronic renal disease, myocardial infarction, stroke, peripheral arterial disease or death. Predictor variables will include sociodemographic and geographic data, patients' ability to self-manage disease, clinical and metabolic parameters and healthcare service usage. Prognostic models will be defined using multidependence Bayesian networks. The derivation cohort, comprising 80% of the patients, will be used to define the prognostic models. Model parameters will be internally validated by comparing the area under the receiver operating characteristic curve in the derivation cohort with those calculated from a leave-one-out and a 10 times twofold cross-validation. Ethics and dissemination The study has received approvals from the Information Governance Committee at the WSIC. Results will be made available to people with T2DM, their caregivers, the funders, diabetes care societies and other researchers.  © Authors 2021",2021
2028,"INTRODUCTION: Access control system (ACS) plays a major role in data security. It becomes more challenging for the system to provide accurate ACS, if data is huge and data requesters are not fixed. This is very predominant in the era of big data where new data are adding to the system very frequently. The main issue here is to justify adaptability in ACS. OBJECTIVE: The objective of this research is to have a comparative analysis of machine learning based access control methods with Rule based access control methods. Propose the most suitable method in detail. METHODS: Role based access control methods are highly robust and works effectively under known scenarios. We need additional methods to handle unknown scenarios. A decision-making method is used to identify the certainty of the rules and Mamdani fuzzy model is used to evaluate the situation based on current environmental factors. For machine learning based access control method Random Forest is used. RESULTS: Limitations of machine learning methods are discussed with respect to imbalanced data and bias in the algorithm. The proof of concept for rule-based access control method is tested for all the three modules involved in the framework. Certainty of the rules were accessed with the help of domain experts and accuracy of fuzzy rules were evaluated. Under critical conditions our framework was found to be accurate. CONCLUSIONS: Machine learning systems are not suitable for access control if they suffer with imbalance data problem. Rule based system are consistent and highly adaptable to unknown situations. Rule based systems have evaluated the genuineness of the requester based on sensitivity of information, time, location, previous history and emergency parameters. © 2020 Kriti Srivastava et al., licensed to EAI.",2020
1576,"Background and aims: Although plaque characterization by intravascular ultrasound (IVUS) is important for risk stratification, frame-by-frame analysis of a whole vascular segment is time-consuming. The aim was to develop IVUS-based algorithms for classifying attenuation and calcified plaques. Methods: IVUS image sets of 598 coronary arteries from 598 patients were randomized into training and test sets with 5:1 ratio. Each IVUS frame at a 0.4-mm interval was circumferentially labeled as one of three classes: attenuated plaque, calcified plaque, or plaque without attenuation or calcification. The model was trained on multi-class classification with 5-fold cross validation. By converting from Cartesian to polar coordinate images, the class corresponding to each array from 0 to 360° was plotted. Results: At the angle-level, Dice similarity coefficients for identifying calcification vs. attenuation vs. none by using ensemble model were 0.79, 0.74 and 0.99, respectively. Also, the maximal accuracy was 98% to classify those groups in the test set. At the frame-level, the model identified the presence of attenuation with 80% sensitivity, 96% specificity, and 93% overall accuracy, and the presence of calcium with 86% sensitivity, 97% specificity, and 96% overall accuracy. In the per-vessel analysis, the attenuation and calcification burden index closely correlated with human measurements (r = 0.89 and r = 0.95, respectively), as did the maximal attenuation and calcification burden index over 4 mm (r = 0.82 and r = 0.91, respectively). The inference times were 0.05 s per frame and 7.8 s per vessel. Conclusions: Our deep learning algorithms for plaque characterization may assist clinicians in recognizing high-risk coronary lesions. © 2021 Elsevier B.V.",2021
1566,"Background: The machine learning algorithm (MLA) was implemented to establish an optimal model to predict the no reflow (NR) process and in-hospital death that occurred in ST-elevation myocardial infarction (STEMI) patients who underwent primary percutaneous coronary intervention (pPCI). Methods: The data were obtained retrospectively from 854 STEMI patients who underwent pPCI. MLA was applied to predict the potential NR phenomenon and confirm the in-hospital mortality. A random sampling method was used to split the data into the training (66.7%) and testing (33.3%) sets. The final results were an average of 10 repeated procedures. The area under the curve (AUC) and the associated 95% confidence intervals (CIs) of the receiver operator characteristic were measured. Results: A random forest algorithm (RAN) had optimal discrimination for the NR phenomenon with an AUC of 0.7891 (95% CI: 0.7093–0.8688) compared with 0.6437 (95% CI: 0.5506–0.7368) for the decision tree (CTREE), 0.7488 (95% CI: 0.6613–0.8363) for the support vector machine (SVM), and 0.681 (95% CI: 0.5767–0.7854) for the neural network algorithm (NNET). The optimal RAN AUC for in-hospital mortality was 0.9273 (95% CI: 0.8819–0.9728), for SVM, 0.8935 (95% CI: 0.826–0.9611); NNET, 0.7756 (95% CI: 0.6559–0.8952); and CTREE, 0.7885 (95% CI: 0.6738–0.9033). Conclusions: The MLA had a relatively higher performance when evaluating the NR risk and in-hospital mortality in patients with STEMI who underwent pPCI and could be utilized in clinical decision making. © 2022, The Author(s).",2022
1601,"This study proposes machine learning-based models to automatically evaluate the severity of myocardial infarction (MI) from physiological, clinical, and paraclinical features. Two types of machine learning models are investigated for the MI assessment: the classification models classify the presence of the infarct and the persistent microvascular obstruction (PMO), and the regression models quantify the Percentage of Infarcted Myocardium (PIM) of patients suspected of having an acute MI during their reception in the emergency department. The ground truth labels for these supervised models are derived from the corresponding Delayed Enhancement MRI (DE-MRI) exams and manual annotations of the myocardium and scar tissues. Experiments were conducted on 150 cases and evaluated with cross-validation. Results showed that for the MI (PMO inclusive) and the PMO (infarct exclusive), the best models obtained respectively a mean error of 0.056 and 0.012 for the quantification, and 88.67 and 77.33% for the classification accuracy of the state of the myocardium. The study of the features' importance also revealed that the troponin value had the strongest correlation to the severity of the MI among the 12 selected features. For the proposal's translational perspective, in cardiac emergencies, qualitative and quantitative analysis can be obtained prior to the achievement of MRI by relying only on conventional tests and patient features, thus, providing an objective reference for further treatment by physicians. Copyright © 2022 Chen, Shi, Pommier, Cottin, Salomon, Decourselle, Lalande and Couturier.",2022
1896,"Early diagnosis of acute ST-segment elevation myocardial infarction (STEMI) and early determination of the culprit vessel are associated with a better clinical outcome. We developed three deep learning (DL) models for detecting STEMIs and culprit vessels based on 12-lead electrocardiography (ECG) and compared them with conclusions of experienced doctors, including cardiologists, emergency physicians, and internists. After screening the coronary angiography (CAG) results, 883 cases (506 control and 377 STEMI) from internal and external datasets were enrolled for testing DL models. Convolutional neural network-long short-term memory (CNN-LSTM) (AUC: 0.99) performed better than CNN, LSTM, and doctors in detecting STEMI. Deep learning models (AUC: 0.96) performed similarly to experienced cardiologists and emergency physicians in discriminating the left anterior descending (LAD) artery. Regarding distinguishing RCA from LCX, DL models were comparable to doctors (AUC: 0.81). In summary, we developed ECG-based DL diagnosis systems to detect STEMI and predict culprit vessel occlusion, thus enhancing the accuracy and effectiveness of STEMI diagnosis. Copyright © 2022 Wu, Huang, Yu, Ye, Liu, Ling, Liu, Liu, Zhou, Liu, Zheng, Liang, Pu, He, Chen, Han and Qian.",2022
2017,"Aims Symptom-based pretest probability scores that estimate the likelihood of obstructive coronary artery disease (CAD) in stable chest pain have moderate accuracy. We sought to develop a machine learning (ML) model utilizing clinical factors and the coronary artery calcium score (CACS), to predict the presence of obstructive CAD on coronary computed tomography angiography (CCTA). Methods The study screened 35 281 participants enrolled in the CONFIRM registry, who underwent >_64 detector row and results CCTA evaluation because of either suspected or previously established CAD. A boosted ensemble algorithm (XGBoost) was used, with data split into a training set (80%) on which 10-fold cross-validation was done and a test set (20%). Performance was assessed of the (1) ML model (using 25 clinical and demographic features), (2) ML þ CACS, (3) CAD consortium clinical score, (4) CAD consortium clinical score þ CACS, and (5) updated Diamond-Forrester (UDF) score. The study population comprised of 13 054 patients, of whom 2380 (18.2%) had obstructive CAD (>_50% stenosis). Machine learning with CACS produced the best performance [area under the curve (AUC) of 0.881] compared with ML alone (AUC of 0.773), CAD consortium clinical score (AUC of 0.734), and with CACS (AUC of 0.866) and UDF (AUC of 0.682), P < 0.05 for all comparisons. CACS, age, and gender were the highest ranking features. Conclusion A ML model incorporating clinical features in addition to CACS can accurately estimate the pretest likelihood of obstructive CAD on CCTA. In clinical practice, the utilization of such an approach could improve risk stratification and help guide downstream management. © The Author(s) 2019. Published by Oxford University Press on behalf of the European Society of Cardiology.",2020
1581,"(1) Background: While an artificial intelligence (AI)-based, cardiologist-level, deep-learning model for detecting acute myocardial infarction (AMI), based on a 12-lead electrocardiogram (ECG), has been established to have extraordinary capabilities, its real-world performance and clinical appli-cations are currently unknown. (2) Methods and Results: To set up an artificial intelligence-based alarm strategy (AI-S) for detecting AMI, we assembled a strategy development cohort including 25,002 visits from August 2019 to April 2020 and a prospective validation cohort including 14,296 visits from May to August 2020 at an emergency department. The components of AI-S consisted of chest pain symptoms, a 12-lead ECG, and high-sensitivity troponin I. The primary endpoint was to assess the performance of AI-S in the prospective validation cohort by evaluating F-measure, precision, and recall. The secondary endpoint was to evaluate the impact on door-to-balloon (DtoB) time before and after AI-S implementation in STEMI patients treated with primary percutaneous coronary intervention (PPCI). Patients with STEMI were alerted precisely by AI-S (F-measure = 0.932, precision of 93.2%, recall of 93.2%). Strikingly, in comparison with pre-AI-S (N = 57) and post-AI-S (N = 32) implan-tation in STEMI protocol, the median ECG-to-cardiac catheterization laboratory activation (EtoCCLA) time was significantly reduced from 6.0 (IQR, 5.0–8.0 min) to 4.0 min (IQR, 3.0–5.0 min) (p < 0.01). The median DtoB time was shortened from 69 (IQR, 61.0–82.0 min) to 61 min (IQR, 56.8–73.2 min) (p = 0.037). (3) Conclusions: AI-S offers front-line physicians a timely and reliable diagnostic decision-support system, thereby significantly reducing EtoCCLA and DtoB time, and facilitating the PPCI process. Nevertheless, large-scale, multi-institute, prospective, or randomized control studies are necessary to further confirm its real-world performance. © 2021 by the authors. Licensee MDPI, Basel, Switzerland.",2021
1572,"Background: Although there is a growing interest in prediction models based on electronic medical records (EMRs) to identify patients at risk of adverse cardiac events following invasive coronary treatment, robust models fully utilizing EMR data are limited. Objective: We aimed to develop and validate machine learning (ML) models by using diverse fields of EMR to predict the risk of 30-day adverse cardiac events after percutaneous intervention or bypass surgery. Methods: EMR data of 5,184,565 records of 16,793 patients at a quaternary hospital between 2006 and 2016 were categorized into static basic (eg, demographics), dynamic time-series (eg, laboratory values), and cardiac-specific data (eg, coronary angiography). The data were randomly split into training, tuning, and testing sets in a ratio of 3:1:1. Each model was evaluated with 5-fold cross-validation and with an external EMR-based cohort at a tertiary hospital. Logistic regression (LR), random forest (RF), gradient boosting machine (GBM), and feedforward neural network (FNN) algorithms were applied. The primary outcome was 30-day mortality following invasive treatment. Results: GBM showed the best performance with area under the receiver operating characteristic curve (AUROC) of 0.99; RF had a similar AUROC of 0.98. AUROCs of FNN and LR were 0.96 and 0.93, respectively. GBM had the highest area under the precision-recall curve (AUPRC) of 0.80, and the AUPRCs of RF, LR, and FNN were 0.73, 0.68, and 0.63, respectively. All models showed low Brier scores of <0.1 as well as highly fitted calibration plots, indicating a good fit of the ML-based models. On external validation, the GBM model demonstrated maximal performance with an AUROC of 0.90, while FNN had an AUROC of 0.85. The AUROCs of LR and RF were slightly lower at 0.80 and 0.79, respectively. The AUPRCs of GBM, LR, and FNN were similar at 0.47, 0.43, and 0.41, respectively, while that of RF was lower at 0.33. Among the categories in the GBM model, time-series dynamic data demonstrated a high AUROC of >0.95, contributing majorly to the excellent results. Conclusions: Exploiting the diverse fields of the EMR data set, the ML-based 30-day adverse cardiac event prediction models demonstrated outstanding results, and the applied framework could be generalized for various health care prediction models. ©Osung Kwon, Wonjun Na, Heejun Kang, Tae Joon Jun, Jihoon Kweon, Gyung-Min Park, YongHyun Cho, Cinyoung Hur, Jungwoo Chae, Do-Yoon Kang, Pil Hyung Lee, Jung-Min Ahn, Duk-Woo Park, Soo-Jin Kang, Seung-Whan Lee, Cheol Whan Lee, Seong-Wook Park, Seung-Jung Park, Dong Hyun Yang, Young-Hak Kim.",2022
1971,"Background and Aims: Artificial intelligence has been shown to be effective in polyp detection, and multiple computer-aided detection (CADe) systems have been developed. False-positive (FP) activation emerged as a possible way to benchmark CADe performance in clinical practice. The aim of this study was to validate a previously developed classification of FPs comparing the performances of different brands of approved CADe systems. Methods: We compared 2 different consecutive video libraries (40 video per arm) collected at Humanitas Research Hospital with 2 different CADe system brands (CADe A and CADe B). For each video, the number of CADe false activations, cause, and time spent by the endoscopist to examine the area erroneously highlighted were reported. The FP activations were classified according to the previously developed classification of FPs (the NOISE classification) according to their cause and relevance. Results: In CADe A 1021 FP activations were registered across the 40 videos (25.5 ± 12.2 FPs per colonoscopy), whereas in CADe B 1028 were identified (25.7 ± 13.2 FPs per colonoscopy; P = .53). Among them, 22.9 ± 9.9 (89.8% in CADe A) and 22.1 ± 10.0 (86.0% in CADe B) were because of artifacts from the bowel wall. Conversely, 2.6 ± 1.9 (10.2% in CADe A) and 3.5 ± 2.1 (14% in CADe B) were caused by bowel content (P = .45). Within CADe A each false activation required .2 ± .9 seconds, with 1.6 ± 1.0 FPs (6.3%) requiring additional time for endoscopic assessment. Comparable results were reported within CADe B with .2 ± .8 seconds spent per false activation and 1.8 ± 1.2 FPs per colonoscopy requiring additional inspection. Conclusions: The use of a standardized nomenclature provided comparable results with either of the 2 recently approved CADe systems. (Clinical trial registration number: NCT04399590.) © 2022",2022
1580,[No abstract available],2021
1651,"Artificial Intelligence (AI) is increasingly impacting the healthcare field, due to its computational power that reduces time, cost and efforts for both healthcare professionals and patients. Diagnosing cardiac abnormalities using AI represents a very attractive subject for both medical and technical professionals. Cardiac abnormalities are characterized by the ECG signal, which is known by its variable morphology and intense affection by noises and artifacts. In this context, the presented study aims to propose a simple yet efficient version of Convolutional Neural Networks (CNN) to classify those abnormalities. This version increases the ability to detect several heart rate arrhythmias and severe cardiac abnormalities based only on the original 1D format of the ECG signal, which reserve the main feature of this signal and can be very suitable for ready-to-use and real-time applications. The main used training datasets are the MIT-BIH arrhythmias and the PTB databases. The proposed architectures are mainly inspired by the most recent CNN models and introduce several modifications on functions and layers, such as the use of the Leaky-ReLU instead of the ReLU activation function. The results of the proposed model are varying from an accuracy of 97%–99% in classifying Normal (n), Supraventricular (s), Ventricular (v), Fusion of ventricular and normal (f), and noisy (q) beats, in addition to the Myocardial Infarction (MI) case. A continuous performance was achieved while testing the model on real data, and after its migration to real mobile devices. © 2022 The Authors",2022
1502,"Background: Functional outcomes after acute ischemic stroke are of great concern to patients and their families, as well as physicians and surgeons who make the clinical decisions. We developed machine learning (ML)-based functional outcome prediction models in acute ischemic stroke. Methods: This retrospective study used a prospective cohort database. A total of 1066 patients with acute ischemic stroke between January 2019 and March 2021 were included. Variables such as demographic factors, stroke-related factors, laboratory findings, and comorbidities were utilized at the time of admission. Five ML algorithms were applied to predict a favorable functional outcome (modified Rankin Scale 0 or 1) at 3 months after stroke onset. Results: Regularized logistic regression showed the best performance with an area under the receiver operating characteristic curve (AUC) of 0.86. Support vector machines represented the second-highest AUC of 0.85 with the highest F1-score of 0.86, and finally, all ML models applied achieved an AUC > 0.8. The National Institute of Health Stroke Scale at admission and age were consistently the top two important variables for generalized logistic regression, random forest, and extreme gradient boosting models. Conclusions: ML-based functional outcome prediction models for acute ischemic stroke were validated and proven to be readily applicable and useful. © 2021 by the authors. Licensee MDPI, Basel, Switzerland.",2021
1855,"Machine learning can help clinicians to make individualized patient predictions only if researchers demonstrate models that contribute novel insights, rather than learning the most likely next step in a set of actions a clinician will take. We trained deep learning models using only clinician-initiated, administrative data for 42.9 million admissions using three subsets of data: demographic data only, demographic data and information available at admission, and the previous data plus charges recorded during the first day of admission. Models trained on charges during the first day of admission achieve performance close to published full EMR-based benchmarks for inpatient outcomes: inhospital mortality (0.89 AUC), prolonged length of stay (0.82 AUC), and 30-day readmission rate (0.71 AUC). Similar performance between models trained with only clinician-initiated data and those trained with full EMR data purporting to include information about patient state and physiology should raise concern in the deployment of these models. Furthermore, these models exhibited significant declines in performance when evaluated over only myocardial infarction (MI) patients relative to models trained over MI patients alone, highlighting the importance of physician diagnosis in the prognostic performance of these models. These results provide a benchmark for predictive accuracy trained only on prior clinical actions and indicate that models with similar performance may derive their signal by looking over clinician’s shoulders—using clinical behavior as the expression of preexisting intuition and suspicion to generate a prediction. For models to guide clinicians in individual decisions, performance exceeding these benchmarks is necessary. © 2021, The Author(s).",2021
1583,"While we continue to wrestle with the immense challenge of implementing equitable access to established evidence-based treatments, substantial gaps remain in our pharmacotherapy armament for common forms of cardiovascular disease including coronary and peripheral arterial disease, heart failure, hypertension, and arrhythmia. We need to continue to invest in the development of new approaches for the discovery, rigorous assessment, and implementation of new therapies. Currently, the time and cost to progress from lead compound/product identification to the clinic, and the success rate in getting there reduces the incentive for industry to invest, despite the enormous burden of disease and potential size of market. There are tremendous opportunities with improved phenotyping of patients currently batched together in syndromic ""buckets."" Use of advanced imaging and molecular markers may allow stratification of patients in a manner more aligned to biological mechanisms that can, in turn, be targeted by specific approaches developed using high-throughput molecular technologies. Unbiased ""omic"" approaches enhance the possibility of discovering completely new mechanisms in such groups. Furthermore, advances in drug discovery platforms, and models to study efficacy and toxicity more relevant to the human disease, are valuable. Re-imagining the relationships among discovery, translation, evaluation, and implementation will help reverse the trend away from investment in the cardiovascular space, establishing innovative platforms and approaches across the full spectrum of therapeutic development. © 2021 Lippincott Williams and Wilkins. All rights reserved.",2021
1728,"BACKGROUND: Classical ST-T waveform changes on standard 12-lead ECG have limited sensitivity in detecting acute coronary syndrome (ACS) in the emergency department. Numerous novel ECG features have been previously proposed to augment clinicians’ decision during patient evaluation, yet their clinical utility remains unclear. METHODS AND RESULTS: This was an observational study of consecutive patients evaluated for suspected ACS (Cohort 1 n=745, age 59±17, 42% female, 15% ACS; Cohort 2 n=499, age 59±16, 49% female, 18% ACS). Out of 554 temporal-spatial ECG waveform features, we used domain knowledge to select a subset of 65 physiology-driven features that are mechanistically linked to myocardial ischemia and compared their performance to a subset of 229 data-driven features selected by multiple machine learning algorithms. We then used random forest to select a final subset of 73 most important ECG features that had both data- and physiology-driven basis to ACS prediction and compared their performance to clinical experts. On testing set, a regularized logistic regression classifier based on the 73 hybrid features yielded a stable model that outperformed clinical experts in predicting ACS, with 10% to 29% of cases reclassified correctly. Metrics of nondipolar electrical dispersion (ie, circumferential ischemia), ventricular activation time (ie, transmural conduction delays), QRS and T axes and angles (ie, global remodeling), and principal component analysis ratio of ECG waveforms (ie, regional heterogeneity) played an important role in the improved reclassification performance. CONCLUSIONS: We identified a subset of novel ECG features predictive of ACS with a fully interpretable model highly adaptable to clinical decision support applications. © 2021 The Authors.",2021
1699,"Cardiovascular disease is a serious threat to human health, and early risk prediction of major adverse cardiovascular event in people suspected of coronary heart disease can help guide prevention and clinical decisions. Coronary computed tomography (CT) is a useful imaging tool for evaluation of coronary heart disease, and its ability to reflect coronary atherosclerosis shows potential value for risk prediction. In recent years, various new techniques and studies of coronary CT have emerged for risk prediction of major adverse cardiovascular event in people suspected of coronary heart disease. We will review the background and current study advances of using coronary artery calcium score, coronary CT angiography, and artificial intelligence in this field. © 2021 Korean Society of Echocardiography.",2021
1966,"BACKGROUND: Despite mounting evidence, the impact of the interplay between weather and pollution features on the risk of acute cardiac and cerebrovascular events has not been entirely appraised. The aim of this study was to perform a comprehensive cluster analysis of weather and pollution features in a large metropolitan area, and their association with acute cardiac and cerebrovascular events. METHODS: Anonymized data on acute myocardial infarction (AMI) and acute cerebrovascular events were obtained from 3 tertiary care centers from a single large metropolitan area. Weather and pollution data were obtained averaging measurements from several city measurement stations managed by the competent regional agency for enviromental protection, and from the Metereological Center of Italian Military Aviation. Unsupervised machine learning was performed with hierarchical clustering to identify specific days with distinct weather and pollution features. Clusters were then compared for rates of acute cardiac and cerebrovascular events with Poisson models. RESULTS: As expected, significant pairwise correlations were found between weather and pollution features. Building upon these correlations, hierarchical clustering, from a total of 1169 days, generated 4 separate clusters: mostly winter days with low temperatures and high ozone concentrations (cluster 1, N.=60, 5.1%), days with moderately high temperatures and low pollutants concentrations (cluster 2, N.=419, 35.8%), mostly summer and spring days with high temperatures and high ozone concentrations (cluster 3, N.=673, 57.6%), and mostly winter days with low temperatures and low ozone concentrations (cluster 4, N.=17, 1.5%). Overall cluster-wise comparisons showed significant differences in adverse cardiac and cerebrovascular events (P<0.001), as well as in cerebrovascular events (P<0.001) and strokes (P=0.001). Between-cluster comparisons showed that cluster 1 was associated with an increased risk of any event, cerebrovascular events, and strokes in comparison to cluster 2, cluster 3 and cluster 4 (all P<0.05), as well as AMI in comparison to cluster 3 (P=0.047). In addition, cluster 2 was associated with a higher risk of strokes in comparison to cluster 4 (P=0.030). Analysis adjusting for season confirmed the increased risk of any event, cerebrovascular events and strokes for cluster 1 and cluster 2. © 2022 EDIZIONI MINERVA MEDICA.",2022
1809,"Objective: To investigate a deep learning technique, more specifically state-of-the-art convolutional neural networks (CNN), for automatic characterization of polar maps derived from myocardial perfusion imaging (MPI) studies for the diagnosis of coronary artery disease. Subjects and Methods: Stress and rest polar maps corresponding to 216 patient cases from the database of the department of Nuclear Medicine of our institution were analyzed. Both attenuation-corrected (AC) and non-corrected (NAC) images were included. All patients were subjected to invasive coronary angiography within 60 days from MPI. As the initial dataset of this study was small to train a deep learning model from scratch, two strategies were followed. The first is called transfer learning. For this, we employed the state-of-the-art CNN called VGG16, which has been broadly exploited in medical imaging classification tasks. The second strategy involves data augmentation, which is achieved by the rotation of the polar maps, to expand the training set. We evaluated VGG16 with 10-fold cross-validation on the original set of images performing separate experiments for AC and NAC polar maps, as well as for their combination. The results were compared to the standard semi-quantitative polar map analysis based on summed stress and summed difference scores, as well as to the medical experts' diagnostic yield. Results: With reference to the findings of coronary angiography, VGG16 achieved an accuracy of 74.53%, sensitivity 75.00% and specificity 73.43% when the AC and NAC polar maps were incorporated into one single image set. Respective figures of MPI interpretation by experienced Nuclear Medicine physicians were 75.00%, 76.97% and 70.31%. The accuracy of semi-quantitative polar map analysis was lower, 66.20% and 64.81% for AC and NAC technique, respectively. Conclusions: The proposed deep learning model with data augmentation techniques performed better than the conventional semi-quantitative polar map analysis and competed with doctor's expertise in this particular patient cohort and ima-ge set. The model could potentially serve as an assisting tool to support interpretation of MPI studies or could be used for teaching purposes. © 2020 P.Ziti and Co. All rights reserved.",2020
1712,"Introduction: Elevated left ventricular end diastolic pressure (LVEDP) is a consequence of compromised left ventricular compliance and an important measure of myocardial dysfunction. An algorithm was developed to predict elevated LVEDP utilizing electro-mechanical (EM) waveform features. We examined the hierarchical clustering of selected features developed from these EM waveforms in order to identify important patient subgroups and assess their possible prognostic significance. Materials and methods: Patients presenting with cardiovascular symptoms (N = 396) underwent EM data collection and direct LVEDP measurement by left heart catheterization. LVEDP was classified as non-elevated (≤ 12 mmHg) or elevated (≥25 mmHg). The 30 most contributive features to the algorithm output were extracted from EM data and input to an unsupervised hierarchical clustering algorithm. The resultant dendrogram was divided into five clusters, and patient metadata overlaid. Results: The cluster with highest LVEDP (cluster 1) was most dissimilar from the lowest LVEDP cluster (cluster 5) in both clustering and with respect to clinical characteristics. In contrast to the cluster demonstrating the highest percentage of elevated LVEDP patients, the lowest was predominantly non-elevated LVEDP, younger, lower BMI, and males with a higher rate of significant coronary artery disease (CAD). The next adjacent cluster (cluster 2) to that of the highest LVEDP (cluster 1) had the second lowest LVEDP of all clusters. Cluster 2 differed from Cluster 1 primarily based on features extracted from the electrical data, and those that quantified predictability and variability of the signal. There was a low predictability and high variability in the highest LVEDP cluster 1, and the opposite in adjacent cluster 2. Conclusion: This analysis identified subgroups of patients with varying degrees of LVEDP elevation based on waveform features. An approach to stratify movement between clusters and possible progression of myocardial dysfunction may include changes in features that differentiate clusters; specifically, reductions in electrical signal predictability and increases in variability. Identification of phenotypes of myocardial dysfunction evidenced by elevated LVEDP and knowledge of factors promoting transition to clusters with higher levels of left ventricular filling pressures could permit early risk stratification and improve patient selection for novel therapeutic interventions. Copyright © 2022 Burton, Ramchandani, Bhavnani, Khedraki, Cohoon, Stuckey, Steuter, Meine, Bennett, Carroll, Lange, Fathieh, Khosousi, Rabbat and Sanders.",2022
1967,"Percutaneous coronary intervention (PCI) with stent placement is a treatment effective for coronary artery diseases. Intravascular optical coherence tomography (OCT) with high resolution is used clinically to visualize stent deployment and restenosis, facilitating PCI operation and for complication inspection. Automated stent struts segmentation in OCT images is necessary as each pullback of OCT images could contain thousands of stent struts. In this paper, a deep learning framework is proposed and demonstrated for the automated segmentation of two major clinical stent types: metal stents and bioresorbable vascular scaffolds (BVS). U-Net, the current most prominent deep learning network in biomedical segmentation, was implemented for segmentation with cropped input. The architectures of MobileNetV2 and DenseNet121 were also adapted into U-Net for improvement in speed and accuracy. The results suggested that the proposed automated algorithm's segmentation performance approaches the level of independent human obsevers and is feasible for both types of stents despite their distinct appearance. U-Net with DenseNet121 encoder (U-Dense) performed best with Dice's coefficient of 0.86 for BVS segmentation, and precision/recall of 0.92/0.92 for metal stent segmentation under optimal crop window size of 256. © 2021 Institute of Physics and Engineering in Medicine.",2021
1534,"Introduction: Currently, just a few major parameters are used for cardiovascular (CV) risk quantification to identify many of the high-risk subjects; however, they leave a lot of them with an underestimated level of CV risk which does not reflect the reality. Material and methods: The submitted study design of the Kosice Selective Coronarography Multiple Risk (KSC MR) Study will use computer analysis of coronary angiography results of admitted patients along with broad patients' characteristics based on questionnaires, physical findings, laboratory and many other examinations. Results: Obtained data will undergo machine learning protocols with the aim of developing algorithms which will include all available parameters and accurately calculate the probability of coronary artery disease. Conclusions: The KSC MR study results, if positive, could establisha base for development of proper software for revealing high-risk patients, as well as patients with suggested positive coronary angiography findings, based on the principles of personalised medicine. © 2022 Termedia Publishing House Ltd.. All rights reserved.",2022
1839,"Background: Pericoronary adipose tissue attenuation expressed by fat attenuation index (FAI) on coronary CT angiography (CCTA) reflects pericoronary inflammation and is associated with cardiac mortality. Objective: The aim of this study was to define the sub-phenotypes of coronary CCTA-defined plaque and whole vessel quantification by unsupervised machine learning (ML) and its prognostic impact when combined with pericoronary inflammation. Methods: A total of 220 left anterior descending arteries (LAD) with intermediate stenosis who underwent fractional flow reserve (FFR) measurement and CCTA were studied. After removal of outcome and FAI data, the phenotype heterogeneity of CCTA-defined plaque and whole vessel quantification was investigated by unsupervised hierarchical clustering analysis based on Ward's method. Detailed features of CCTA findings were assessed according to the clusters (CS1 and CS2). Major adverse cardiac events (MACE)-free survivals were assessed according to the stratifications by FAI and the clusters. Results: Compared with CS2 (n = 119), CS1 (n = 101) were characterized by greater vessel size, increased plaque volume, and high-risk plaque features. FAI was significantly higher in CS1. ROC analyses revealed that best cut-off value of FAI to predict MACE was −73.1. Kaplan-Meier analysis revealed that lesions with FAI ≥ -73.1 had a significantly higher risk of MACE. Multivariate Cox proportional hazards regression analysis revealed that age, FAI ≥ -73.1, and the clusters were independent predictors of MACE. Conclusion: Unsupervised hierarchical clustering analysis revealed two distinct CCTA-defined subgroups and discriminated by high-risk plaque features and increased FAI. The risk of MACE differs significantly according to the increased FAI and ML-defined clusters. © 2021 Elsevier B.V.",2021
1500,"Background: Prognosis models based on stepwise regression methods show modest performance in patients with cardiogenic shock (CS). Automated variable selection allows data-driven risk evaluation by recognizing distinct patterns in data. We sought to evaluate an automated variable selection method (least absolute shrinkage and selection operator, LASSO) for predicting 30-day mortality in patients with acute myocardial infarction and CS (AMICS) receiving acute percutaneous coronary intervention (PCI) compared to two established scores. Methods and results: Consecutive patients with AMICS receiving acute PCI at one of two tertiary heart centres in Denmark 2010-2017. Patients were divided according to treatment with mechanical circulatory support (MCS); PCI-MCS cohort (n = 220) versus PCI cohort (n = 1180). The latter was divided into a development (2010-2014) and a temporal validation cohort (2015-2017). Cohort-specific LASSO models were based on data obtained before PCI. LASSO models outperformed IABP-SHOCK II and CardShock risk scores in discriminative ability for 30-day mortality in the PCI validation [receiver operating characteristics area under the curve (ROC AUC) 0.80 (95% CI 0.76-0.84) vs 0.73 (95% CI 0.69-0.77) and 0.70 (95% CI 0.65-0.75), respectively, P < 0.01 for both] and PCI-MCS development cohort [ROC AUC 0.77 (95% CI 0.70-0.83) vs 0.64 (95% CI 0.57-0.71) and 0.64 (95% CI 0.57-0.71), respectively, P < 0.01 for both]. Variable influence differed depending on MCS, with age being the most influential factor in the LASSO-PCI model, whereas haematocrit and estimated glomerular filtration rate were the highest-ranking factors in the LASSO-PCI-MCS model. Conclusion: Data-driven prognosis models outperformed established risk scores in patients with AMICS receiving acute PCI and exhibited good discriminative abilities. Observations indicate a potential use of machinelearning to facilitate individualized patient care and targeted interventions in the future.  © 2021 Published on behalf of the European Society of Cardiology. All rights reserved. ",2021
1511,"Background: Contrast induced nephropathy (CIN) is a common complication in patients receiving intravascular contrast media. In 2020, the American College of Radiology and the National Kidney Foundation issued a new contrast induced acute kidney injury (CI-AKI) criteria. Therefore, we aimed to explore the potential risk factors for CIN under the new criteria, and develop a predictive model for patients with coronary artery disease (CAD) with relatively normal renal function (NRF). Methods: Patients undergoing coronary angiography or percutaneous coronary intervention at Zhongshan Hospital, Fudan University between May 2019 and April 2020 were consecutively enrolled. Eligible candidates were selected for statistical analysis. Univariate and multivariate logistic regression analyses were used to identify the predictive factors. A stepwise method and a machine learning (ML) method were used to construct a model based on the Akaike information criterion. The performance of our model was evaluated using the area under the receiver operating characteristic curves (AUC) and calibration curves. The model was further simplified into a risk score. Results: A total of 2,009 patients with complete information were included in the final statistical analysis. The results showed that the incidence of CIN was 3.2 and 1.2% under the old and new criteria, respectively. Three independent predictors were identified: baseline uric acid level, creatine kinase-MB level, and log (N-terminal pro-brain natriuretic peptide) level. Our stepwise model had an AUC of 0.816, which was higher than that of the ML model (AUC = 0.668, P = 0.09). The model also achieved accurate predictions regarding calibration. A risk score was then developed, and patients were divided into two risk groups: low risk (total score < 10) and high risk (total score ≥ 10). Conclusions: In this study, we first identified important predictors of CIN in patients with CAD with NRF. We then developed the first CI-AKI model on the basis of the new criteria, which exhibited accurate predictive performance. The simplified risk score may be useful in clinical practice to identify high-risk patients. Copyright © 2021 Mo, Ye, Chen, Wang, Liu, Zhang, Xu, Cheng, Mei, Zheng, Dai, Jiang and Ge.",2021
1856,"Background: Multimorbidity, defined as the co-occurrence of ≥2 chronic conditions, is clinically diverse. Such complexity hinders the development of integrated/collaborative care for multimorbid patients. In addition, the universality of multimorbidity patterns is unclear given scarce research comparing multimorbidity profiles across populations. This study aims to derive and compare multimorbidity profiles in Hong Kong (HK, PRC) and Zurich (ZH, Switzerland). Methods: Stratified by sites, hierarchical agglomerative clustering analysis (dissimilarity measured by Jaccard index) was conducted with the objective of grouping inpatients into clinically meaningful clusters based on age, sex, and 30 chronic conditions among 20,000 randomly selected discharged multimorbid inpatients (10,000 from each site) aged ≥ 45 years. The elbow point method based on average within-cluster dissimilarity, complemented with a qualitative clinical examination of disease prevalence, was used to determine the number of clusters. Results: Nine clusters were derived for each site. Both similarities and dissimilarities of multimorbidity patterns were observed. There was one stroke-oriented cluster (3.9% in HK; 6.5% in ZH) and one chronic kidney disease-oriented cluster (13.1% in HK; 11.5% ZH) in each site. Examples of site-specific multimorbidity patterns, on the other hand, included a myocardial infarction-oriented cluster in ZH (2.3%) and several clusters in HK with high prevalence of heart failure (>65%) and chronic pain (>20%). Conclusion: This is the first study using hierarchical agglomerative clustering analysis to profile multimorbid inpatients from two different populations to identify universalities and differences of multimorbidity patterns. Our findings may inform the coordination of integrated/collaborative healthcare services. © Copyright © 2021 Lai, Beeler, Yip, Cheetham, Chau, Chung, Wong, Yeoh, Battegay and Wong.",2021
1689,"Coronary artery disease (CAD) and associated comorbidities such as heart failure (HF) remain the leading cause of morbidity and mortality worldwide attributed to, at least partially, the lack of biomarkers for efficient disease diagnosis. Here, we evaluated the diagnostic potential of serum peptidoglycan recognition protein 1 (PGLYRP1), an important component of the innate immunity and inflammation system, for both CAD and HF. A machine-learning method (random forest) was used to evaluate the clinical utility of circulating PGLYRP1 for diagnosis of CAD and HF in a total of 370 individuals. Causal links of chronic serum PGLYRP1 elevation to both diseases were further explored in ApoE-/- mice. The serum levels of PGLYRP1 were significantly higher in individuals with either chronic CAD or acute coronary syndrome than those in those without coronary artery stenosis (the control group) and even more pronounced in CAD individuals with concomitant HF. Our random forest classifier revealed that this protein performed better than other recommended clinical indicators in distinguishing the CAD from the control individuals. In addition, this protein associates more with the biomarkers of HF including left ventricular ejection fraction than inflammation. Notably, our mice experiment indicated that long-term treatment with recombinant PGLYRP1 could significantly impair the cardiovascular system as reflected from both increased atherogenic lesions and reduced fractional shortening of the left ventricle. Our findings, therefore, supported the circulating levels of PGLYRP1 as a valuable biomarker for both CAD and HF. © 2021 Wolters Kluwer Health, Inc. All rights reserved.",2021
1589,"Objective: To evaluate the accuracy of a deep learning-based automated segmentation of the left ventricle (LV) myocardium using cardiac CT. Materials and Methods: To develop a fully automated algorithm, 100 subjects with coronary artery disease were randomly selected as a development set (50 training / 20 validation / 30 internal test). An experienced cardiac radiologist generated the manual segmentation of the development set. The trained model was evaluated using 1000 validation set generated by an experienced technician. Visual assessment was performed to compare the manual and automatic segmentations. In a quantitative analysis, sensitivity and specificity were calculated according to the number of pixels where two three-dimensional masks of the manual and deep learning segmentations overlapped. Similarity indices, such as the Dice similarity coefficient (DSC), were used to evaluate the margin of each segmented masks. Results: The sensitivity and specificity of automated segmentation for each segment (1–16 segments) were high (85.5– 100.0%). The DSC was 88.3 ± 6.2%. Among randomly selected 100 cases, all manual segmentation and deep learning masks for visual analysis were classified as very accurate to mostly accurate and there were no inaccurate cases (manual vs. deep learning: very accurate, 31 vs. 53; accurate, 64 vs. 39; mostly accurate, 15 vs. 8). The number of very accurate cases for deep learning masks was greater than that for manually segmented masks. Conclusion: We present deep learning-based automatic segmentation of the LV myocardium and the results are comparable to manual segmentation data with high sensitivity, specificity, and high similarity scores. © 2020 The Korean Society of Radiology.",2020
1879,"Objectives: Liver transplantation (LT) is associated with high stress on the cardiovascular system. Ruling out coronary artery disease (CAD) is an important part of evaluation for LT. The aim of our study was to assess whether CT-derived fractional flow reserve (CT-FFR) allows for differentiation of hemodynamically significant and non-significant coronary stenosis in patients evaluated for LT. Methods: In total, 201 patients undergoing LT evaluation were included in the study. The patients received coronary computed tomography angiography (CCTA) to rule out CAD and invasive coronary angiography (ICA) to further evaluate coronary lesions found in CCTA if a significant (≥ 50 % on CCTA) stenosis was suspected. CT-FFR was computed from CCTA datasets using a machine learning–based algorithm and compared to ICA as a standard of reference. Coronary lesions with CT-FFR ≤ 0.80 were defined as hemodynamically significant. Results: In 127 of 201 patients (63%), an obstructive CAD was ruled out by CCTA. In the remaining 74 patients (37%), at least one significant stenosis was suspected in CCTA. Compared to ICA, sensitivity, specificity, PPV, and NPV of the CT-FFR measurements were 71% (49–92%), 90% (82–98%), 67% (45–88%), and 91% (84–99%), respectively. The diagnostic accuracy was 85% (85–86%). In 69% of cases (52 of 75 lesions), additional analysis by CT-FFR correctly excluded the hemodynamic significance of the stenosis. Conclusions: Machine learning–based CT-FFR seems to be a very promising noninvasive approach for exclusion of hemodynamic significant coronary stenoses in patients undergoing evaluation for LT and could help to reduce the rate of invasive coronary angiography in this high-risk population. Key Points: • Machine learning–based computed tomography-derived fractional flow reserve (CT-FFR) seems to be a very promising noninvasive approach for exclusion of hemodynamic significance of coronary stenoses in patients undergoing evaluation for liver transplantation and could help to reduce the rate of invasive coronary angiography in this high-risk population. © 2022, The Author(s).",2022
1786,"Background: Diagnostic pathways for myocardial infarction rely on fixed troponin thresholds, which do not recognise that troponin varies by age, sex, and time within individuals. To overcome this limitation, we recently introduced a machine learning algorithm that predicts the likelihood of myocardial infarction. Our aim was to evaluate whether this algorithm performs well in routine clinical practice and predicts subsequent events. Methods: The myocardial-ischaemic-injury-index (MI3) algorithm was validated in a prespecified exploratory analysis using data from a multi-centre randomised trial done in Scotland, UK that included consecutive patients with suspected acute coronary syndrome undergoing serial high-sensitivity cardiac troponin I measurement. Patients with ST-segment elevation myocardial infarction were excluded. MI3 incorporates age, sex, and two troponin measurements to compute a value (0–100) reflecting an individual's likelihood of myocardial infarction during the index visit and estimates diagnostic performance metrics (including area under the receiver-operating-characteristic curve, and the sensitivity, specificity, negative predictive value, and positive predictive value) at the computed score. Model performance for an index diagnosis of myocardial infarction (type 1 or type 4b), and for subsequent myocardial infarction or cardiovascular death at 1 year was determined using the previously defined low-probability threshold (1·6) and high-probability MI3 threshold (49·7). The trial is registered with ClinicalTrials.gov, NCT01852123. Findings: In total, 20 761 patients (64 years [SD 16], 9597 [46%] women) enrolled between June 10, 2013, and March 3, 2016, were included from the High-STEACS trial cohort, of whom 3272 (15·8%) had myocardial infarction. MI3 had an area under the receiver-operating-characteristic curve of 0·949 (95% CI 0·946–0·952) identifying 12 983 (62·5%) patients as low-probability for myocardial infarction at the pre-specified threshold (MI3 score <1·6; sensitivity 99·3% [95% CI 99·0–99·6], negative predictive value 99·8% [99·8–99·9]), and 2961 (14·3%) as high-probability at the pre-specified threshold (MI3 score ≥49·7; specificity 95·0% [94·6–95·3], positive predictive value 70·4% [68·7–72·0]). At 1 year, subsequent myocardial infarction or cardiovascular death occurred more often in high-probability patients than low-probability patients (520 [17·6%] of 2961 vs 197 [1·5%] of 12 983], p<0·0001). Interpretation: In consecutive patients undergoing serial cardiac troponin measurement for suspected acute coronary syndrome, the MI3 algorithm accurately estimated the likelihood of myocardial infarction and predicted subsequent adverse cardiovascular events. By providing individual probabilities the MI3 algorithm could improve the diagnosis and assessment of risk in patients with suspected acute coronary syndrome. Funding: Medical Research Council, British Heart Foundation, National Institute for Health Research, and NHSX. © 2022 The Author(s). Published by Elsevier Ltd. This is an Open Access article under the CC BY 4.0 license",2022
1981,"Despite the evidence of improved patients' outcome, fractional flow reserve (FFR) is underused in current everyday practice. We aimed to evaluate the feasibility of a novel automated artificial intelligence angiography-based FFR software (AutocathFFR) as a decision supporting tool for interventional cardiologists. AutocathFFR was performed on angiographic images of patients who underwent coronary angiography with a pressure wire FFR measurement. Sensitivity and specificity for detection of FFR cut-off of 0.8 were calculated. Thirty-one patients were included in the present study, with a mean age of 64 ± 10 years, 80% were males, 32% patients had diabetes, 39% had previous percutaneous coronary intervention. The left anterior descending artery was the target vessel in 80% of patients. Automatic lesion detection was successful in all of the lesions with FFR value of ≤0.8. The sensitivity of AutocathFFR for predicting a wire based FFR ≤0.8 was 88% and the specificity for FFR >0.8 was 93%, with a positive predictive value of 94% and negative predictive value of 87%, indicating an accuracy level of 90% and area under the curve of 0.91. AutocathFFR has excellent accuracy in prediction of wire based FFR and is a promising technology that may facilitate appropriate decision and treatment choices for coronary artery disease patients. © 2020 Elsevier Inc.",2021
1917,"Acute kidney injury (AKI) is one of the most severe consequences of kidney injury, and it will also cause or aggravate the complications by the fast decline of kidney excretory function. Accurate AKI prediction, including the AKI case, AKI stage, and AKI onset time interval, can provide adequate support for effective interventions. Besides, discovering how the medical features affect the AKI result may also provide supporting information for disease treatment. An attention-based temporal neural network approach was employed in this study for AKI prediction and for the analysis of the impact of medical features from temporal electronic health record (EHR) data of patients before AKI diagnosis. We used the publicly available dataset provided by the Medical Information Mart for Intensive Care (MIMIC) for model training, validation, and testing, and then the model was applied in clinical practice. The improvement of AKI case prediction is around 5% AUC (area under the receiver operating characteristic curve), and the AUC value of AKI stage prediction on AKI stage 3 is over 82%. We also analyzed the data by two steps: the associations between the medical features and the AKI case (positive or inverse) and the extent of the impact of medical features on AKI prediction result. It shows that features, such as lactate, glucose, creatinine, blood urea nitrogen (BUN), prothrombin time (PT), and partial thromboplastin time (PTT), are positively associated with the AKI case, while there are inverse associations between the AKI case and features such as platelet, hemoglobin, hematocrit, urine, and international normalized ratio (INR). The laboratory test features such as urine, glucose, creatinine, sodium, and blood urea nitrogen and the medication features such as nonsteroidal anti-inflammatory drugs, agents acting on the renin–angiotensin system, and lipid-lowering medication were detected to have higher weights than other features in the proposed model, which may imply that these features have a great impact on the AKI case. © Copyright © 2021 Chen, Chen, Sun, Guo, Li, Huang, Zhang, Wu, Liu, Xu, Fang and Lin.",2021
1628,"Objective: To determine the potential impact of on-site CT-derived fractional flow reserve (CT-FFR) on the diagnostic efficiency and effectiveness of coronary CT angiography (CCTA) in patients with obstructive coronary artery disease (CAD) on CCTA. Methods: This observational cohort study included patients with suspected CAD who had been randomized to cardiac CT in the CRESCENT I and II trials. On-site CT-FFR was blindly performed in all patients with at least one ≥ 50% stenosis on CCTA and no exclusion criteria for CT-FFR. We retrospectively assessed the effect of adding CT-FFR to the CT protocol in patients with a stenosis ≥ 50% on CCTA in terms of diagnostic effectiveness, i.e., the number of additional tests required to determine the final diagnosis, reclassification of the initial management strategy, and invasive coronary angiography (ICA) efficiency, i.e., ICA rate without ≥ 50% CAD. Results: Fifty-three patients out of the 372 patients (14%) had at least one ≥ 50% stenosis on CCTA of whom 42/53 patients (79%) had no exclusion criteria for CT-FFR. CT-FFR showed a hemodynamically significant stenosis (≤ 0.80) in 27/53 patients (51%). The availability of CT-FFR would have reduced the number of patients requiring additional testing by 57%-points compared with CCTA alone (37/53 vs. 7/53, p < 0.001). The initial management strategy would have changed for 30 patients (57%, p < 0.001). Reserving ICA for patients with a CT-FFR ≤ 0.80 would have reduced the number of ICA following CCTA by 13%-points (p = 0.016). Conclusion: Implementation of on-site CT-FFR may change management and improve diagnostic efficiency and effectiveness in patients with obstructive CAD on CCTA. Key Points: • The availability of on-site CT-FFR in the diagnostic evaluation of patients with obstructive CAD on CCTA would have significantly reduced the number of patients requiring additional testing compared with CCTA alone. • The implementation of on-site CT-FFR would have changed the initial management strategy significantly in the patients with obstructive CAD on CCTA. • Restricting ICA to patients with a positive CT-FFR would have significantly reduced the ICA rate in patients with obstructive CAD on CCTA. © 2020, European Society of Radiology.",2020
1518,"Background: Coronary CT angiography (CCTA) is a complicated CT exam in comparison to other CT protocols. Exam success highly depends on image assessment of experienced radiologist and the procedure is often time-consuming. This study aims to evaluate feasibility of automatic CCTA reconstruction in 0.25 s rotation time, 16 cm coverage CT scanner with best phase selection and AI-assisted motion correction. Methods: CCTA exams of 90 patients with heart rates higher than 75 bpm were included in this study. Two image series were reconstructed—one at automatically selected phase and another with additional motion correction. All reconstructions were performed without manual interaction of radiologist. A four-point Likert scale rating system was used to evaluate the image quality of coronary artery segment by two experienced radiologists, according to the 18-segment model. Analysis was done on per-segment basis. Results: Total 1194 out of the 1620 segments were identified for quality evaluation in 90 patients. After automatic best phase selection, 1172 segments (98.3%) were rated as having diagnostic image quality (scores 2–4) and the average score is 3.64 ± 0.55. When motion corrections were applied, diagnostic segment number increases to 1192 (99.8%) and the average score is 3.85 ± 0.37. Conclusions: With the help of 0.25 s rotation speed, 16-cm z-coverage and AI-assisted motion correction algorithm, CCTA exam reconstruction could be performed with minimum radiologist involvement and still meet image quality requirement. © 2021, The Author(s).",2021
1885,"The CHADS2 and CHA2DS2-VASc scores are widely used to assess ischemic risk in the patients with atrial fibrillation (AF). However, the discrimination performance of these scores is limited. Using the data from a community-based prospective cohort study, we sought to construct a machine learning-based prediction model for cerebral infarction in patients with AF, and to compare its performance with the existing scores. All consecutive patients with AF treated at 81 study institutions from March 2011 to May 2017 were enrolled (n = 4396). The whole dataset was divided into a derivation cohort (n = 1005) and validation cohort (n = 752) after excluding the patients with valvular AF and anticoagulation therapy. Using the derivation cohort dataset, a machine learning model based on gradient boosting tree algorithm (ML) was built to predict cerebral infarction. In the validation cohort, the receiver operating characteristic area under the curve of the ML model was higher than those of the existing models according to the Hanley and McNeil method: ML, 0.72 (95%CI, 0.66–0.79); CHADS2, 0.61 (95%CI, 0.53–0.69); CHA2DS2-VASc, 0.62 (95%CI, 0.54–0.70). As a conclusion, machine learning algorithm have the potential to perform better than the CHADS2 and CHA2DS2-VASc scores for predicting cerebral infarction in patients with non-valvular AF. © The Author(s) 2021.",2022
1935,"Background: Mitral annular plane systolic excursion (MAPSE) and left ventricular (LV) early diastolic velocity (e’) are key metrics of systolic and diastolic function, but not often measured by cardiovascular magnetic resonance (CMR). Its derivation is possible with manual, precise annotation of the mitral valve (MV) insertion points along the cardiac cycle in both two and four-chamber long-axis cines, but this process is highly time-consuming, laborious, and prone to errors. A fully automated, consistent, fast, and accurate method for MV plane tracking is lacking. In this study, we propose MVnet, a deep learning approach for MV point localization and tracking capable of deriving such clinical metrics comparable to human expert-level performance, and validated it in a multi-vendor, multi-center clinical population. Methods: The proposed pipeline first performs a coarse MV point annotation in a given cine accurately enough to apply an automated linear transformation task, which standardizes the size, cropping, resolution, and heart orientation, and second, tracks the MV points with high accuracy. The model was trained and evaluated on 38,854 cine images from 703 patients with diverse cardiovascular conditions, scanned on equipment from 3 main vendors, 16 centers, and 7 countries, and manually annotated by 10 observers. Agreement was assessed by the intra-class correlation coefficient (ICC) for both clinical metrics and by the distance error in the MV plane displacement. For inter-observer variability analysis, an additional pair of observers performed manual annotations in a randomly chosen set of 50 patients. Results: MVnet achieved a fast segmentation (<1 s/cine) with excellent ICCs of 0.94 (MAPSE) and 0.93 (LV e’) and a MV plane tracking error of −0.10 ± 0.97 mm. In a similar manner, the inter-observer variability analysis yielded ICCs of 0.95 and 0.89 and a tracking error of −0.15 ± 1.18 mm, respectively. Conclusion: A dual-stage deep learning approach for automated annotation of MV points for systolic and diastolic evaluation in CMR long-axis cine images was developed. The method is able to carefully track these points with high accuracy and in a timely manner. This will improve the feasibility of CMR methods which rely on valve tracking and increase their utility in a clinical setting. © 2021, The Author(s).",2021
2029,"Background: The aim is to compare the machine learning-based coronary-computed tomography fractional flow reserve (CT-FFRML) and coronary-computed tomographic morphological plaque characteristics with the resting full-cycle ratio (RFR™) as a novel invasive resting pressure-wire index for detecting hemodynamically significant coronary artery stenosis. Methods: In our single center study, patients with coronary artery disease (CAD) who had a clinically indicated coronary computed tomography angiography (cCTA) and subsequent invasive coronary angiography (ICA) with pressure wire-measurement were included. On-site prototype CT-FFRML software and on-site CT-plaque software were used to calculate the hemodynamic relevance of coronary stenosis. Results: We enrolled 33 patients (70% male, mean age 68 ± 12 years). On a per-lesion basis, the area under the receiver operating characteristic curve (AUC) of CT-FFRML (0.90) was higher than the AUCs of the morphological plaque characteristics length/minimal luminal diameter4 (LL/MLD4; 0.80), minimal luminal diameter (MLD; 0.77), remodeling index (RI; 0.76), degree of luminal diameter stenosis (0.75), and minimal luminal area (MLA; 0.75). Conclusion: CT-FFRML and morphological plaque characteristics show a significant correlation to detected hemodynamically significant coronary stenosis. Whole CT-FFRML had the best discriminatory power, using RFR™ as the reference standard. © 2020 by the authors. Licensee MDPI, Basel, Switzerland. T.",2020
1960,"Background: Advances in omics and computational Artificial Intelligence (AI) have been said to be key to meeting the objectives of precision cardiovascular medicine. The focus of precision medicine includes a better assessment of disease risk and understanding of disease mechanisms. Our objective was to determine whether significant epigenetic changes occur in isolated, non-syndromic CoA. Further, we evaluated the AI analysis of DNA methylation for the prediction of CoA. Methods: Genome-wide DNA methylation analysis of newborn blood DNA was performed in 24 isolated, non-syndromic CoA cases and 16 controls using the Illumina HumanMethylation450 BeadChip arrays. Cytosine nucleotide (CpG) methylation changes in CoA in each of 450,000 CpG loci were determined. Ingenuity pathway analysis (IPA) was performed to identify molecular and disease pathways that were epigenetically dysregulated. Using methylation data, six artificial intelligence (AI) platforms including deep learning (DL) was used for CoA detection. Results: We identified significant (FDR p-value ≤.05) methylation changes in 65 different CpG sites located in 75 genes in CoA subjects. DL achieved an AUC (95% CI) = 0.97 (0.80–1) with 95% sensitivity and 98% specificity. Gene ontology (GO) analysis yielded epigenetic alterations in important cardiovascular developmental genes and biological processes: abnormal morphology of cardiovascular system, left ventricular dysfunction, heart conduction disorder, thrombus formation, and coronary artery disease. Conclusion: In an exploratory study we report the use of AI and epigenomics to achieve important objectives of precision cardiovascular medicine. Accurate prediction of CoA was achieved using a newborn blood spot. Further, we provided evidence of a significant epigenetic etiology in isolated CoA development. © 2020 Informa UK Limited, trading as Taylor & Francis Group.",2022
1737,"Background: Little is known about the association of comorbidities with sex and age at diagnosis in Sjögren's disease. We tested the hypothesis that sex differences occur in comorbidities in patients with Sjögren's disease. Methods: Patients with Sjögren's disease were identified from 11/1974 to 7/2018 in the Mayo Clinic electronic medical record and assessed for 22 comorbidities according to sex and age at diagnosis. Results: Of the 13,849 patients identified with Sjögren's disease, 11,969 (86%) were women and 1,880 (14%) men, primarily white (88%) with a sex ratio of 6.4:1 women to men. The mean age at diagnosis was 57 years for women and 59.7 years for men, and 5.6% had a diagnosis of fibromyalgia at Sjögren's diagnosis. Men with Sjögren's disease were more likely than women to be a current or past smoker. The average time to diagnosis of comorbidities after diagnosis of Sjögren's disease was 2.6 years. The top comorbidities in patients with Sjögren's disease were fibromyalgia (25%), depression (21.2%) and pain (16.4%). Comorbidities that occurred more often in women were hypermobile syndromes (31:1), CREST (29:1), migraine (23:1), Ehlers-Danlos syndrome (EDS) (22:1), Raynaud's syndrome (15:1), SLE (13:1), systemic sclerosis (SSc) (13:1), and fibromyalgia (12:1). Women with Sjögren's disease were at increased risk of developing hypermobile syndromes (RR 7.27, CI 1.00–52.71, p = 0.05), EDS (RR 4.43, CI 1.08–18.14, p = 0.039), CREST (RR 4.24, CI 1.56–11.50, p = 0.005), migraine (RR 3.67, CI 2.39–5.62, p < 0.001), fibromyalgia (RR 2.26, CI 1.92–2.66, p < 0.001), Raynaud's syndrome (RR 2.29, CI 1.77–2.96, p < 0.001), SLE (RR 2.13, CI 1.64–2.76, p < 0.001), and SSc (RR 2.05 CI 1.44–2.92; p < 0.001). In contrast, men with Sjögren's were at increased risk for developing myocardial infarction (RR 0.44, CI 0.35–0.55, p < 0.001), atherosclerosis/CAD (RR 0.44, CI 0.39–0.49, p < 0.001), cardiomyopathy (RR 0.63, CI 0.46–0.86, p = 0.003), stroke (RR 0.66 CI 0.51–0.85, p = 0.001), and congestive heart failure (RR 0.70, CI 0.57–0.85, p < 0.001). Conclusions: The top comorbidities in Sjögren's disease were fibromyalgia, depression, and pain. Women with Sjögren's disease had a higher relative risk of developing fibromyalgia, depression, pain, migraine, hypermobile syndrome, EDS and other rheumatic autoimmune diseases. Men with Sjögren's disease had higher risk of developing cardiovascular diseases. Copyright © 2022 Bruno, Morales-Lara, Bittencourt, Siddiqui, Bommarito, Patel, Sousou, Salomon, Paloka, Watford, Hodge, Lieberman, Rozen, Atwal, Dorsher, Seim and Fairweather.",2022
1947,"This study was aimed to determine the association between potential plasma lipid biomarkers and early screening and prognosis of Acute myocardial infarction (AMI). In the present study, a total of 795 differentially expressed lipid metabolites were detected based on ultra-performance liquid chromatography tandem mass spectrometry (UPLC-MS/MS). Out of these metabolites, 25 lipid metabolites were identified which showed specifical expression in the AMI group compared with the healthy control (HC) group and unstable angina (UA) group. Then, we applied the least absolute shrinkage and selection operator (LASSO) and support vector machine-recursive feature elimination (SVM-RFE) methods to obtain three lipid molecules, including CarnitineC18:1-OH, CarnitineC18:2-OH and FFA (20:1). The three lipid metabolites and the diagnostic model exhibited well predictive ability in discriminating between AMI patients and UA patients in both the discovery and validation sets with an area under the curve (AUC) of 0.9. Univariate and multivariate logistic regression analyses indicated that the three lipid metabolites may serve as potential biomarkers for diagnosing AMI. A subsequent 1-year follow-up analysis indicated that the three lipid biomarkers also had prominent performance in predicting re-admission of patients with AMI due to cardiovascular events. In summary, we used quantitative lipid technology to delineate the characteristics of lipid metabolism in patients with AMI, and identified potential early diagnosis biomarkers of AMI via machine learning approach. Copyright © 2022 Liu, Tang, Lu, Yu, Xu, Zhang, Chen, Dai and Li.",2022
1541,"The assessment of myocardial perfusion has become increasingly important in the early diagnosis of coronary artery disease. Currently, the process of perfusion assessment is time-consuming and subjective. Although automated methods by threshold processing have been proposed, they cannot obtain an accurate perfusion assessment. Thus, there is a great clinical demand to obtain a rapid and accurate assessment of myocardial perfusion through a standard procedure using an automated algorithm. In this work, we present a spatio-temporal multi-task network cascade (ST-MNC) to provide an accurate and robust assessment of myocardial perfusion. The proposed network captures patch-based spatio-temporal representations for each pixel through a spatio-temporal encoder-decoder network. Then the multi-task network cascade uses spatio-temporal representations as shared features to predict various perfusion parameters and myocardial ischemic regions. Extensive experiments on CT images of 232 subjects demonstrate ST-MNC could produce a good approximation for perfusion parameters and an accurate classification for ischemic regions. These results show that our proposed method can provide a fast and accurate assessment of myocardial perfusion. © 2021 Elsevier B.V.",2021
1982,"Rationale & Objective: In the general population, there is an association between higher levels of physical activity and lower risk for cardiovascular events and mortality, but this relationship has not been well evaluated in chronic kidney disease (CKD). We investigated the association between self-reported physical activity and outcomes in a CKD cohort. Study Design: Prospective cohort study. Setting & Participants: 3,926 participants in the Chronic Renal Insufficiency Cohort (CRIC) Study. Exposure: Time-updated self-reported physical activity assessed by (1) quartile of moderate-to-vigorous physical activity (MVPA) and (2) meeting guideline-recommended level of physical activity (categorized as active, meeting guidelines; active, not meeting guidelines; or inactive). Outcome: Atherosclerotic events (myocardial infarction, stroke, or peripheral artery disease), incident heart failure, and all-cause and cardiovascular death. Analytical Approach: Cox proportional hazards regression. Results: At baseline, compared with the lowest MVPA quartile, those in the highest quartile were more likely to be younger, male, not have prevalent cardiovascular disease, and have higher estimated glomerular filtration rate. Overall, 51% met the physical activity guidelines; of those who did not, 30% were inactive. During the median follow-up period of 13.4 years, there were 772 atherosclerotic events, 848 heart failure events, and 1,553 deaths, and 420 cardiovascular deaths. Compared with the participants in the lowest MVPA quartile, the highest quartile had a lower risk of atherosclerotic events (HR, 0.64 [95% CI, 0.51-0.79]), incident heart failure (HR, 0.71 [95% CI, 0.58-0.87]), and all-cause and cardiovascular death (HRs of 0.54 [95% CI, 0.46-0.63] and 0.47 [95% CI, 0.35-0.64], respectively). The findings were similar for analyses evaluating recommended level of physical activity. Limitations: Self-reported physical activity may result in some degree of misclassification. Conclusions: Higher self-reported physical activity was associated with lower risk of cardiovascular events and mortality in CKD patients, which may have important implications for clinical practice and the design of interventional studies. Plain-Language Summary: In this long-term study of 3,926 adults with chronic kidney disease, we found that individuals with higher levels of physical activity were less likely to experience an atherosclerotic event (for example, a heart attack, stroke, or peripheral arterial disease), new-onset heart failure, and death as compared with those with lower levels of physical activity. The findings were similar for the analyses evaluating adherence to guideline-recommended level of physical activity (that is, for more than 150 minutes per week), and they strengthen the evidence supporting the current guideline recommendations. © 2022 National Kidney Foundation, Inc.",2022
1721,[No abstract available],2022
1799,"Aim To discuss ethical issues related to a complex study (PROFID) involving the development of a new, partly artificial intelligence-based, prediction model to enable personalised decision-making about the implantation of an implantable cardioverter defibrillator (ICD) in postmyocardial infarction patients, and a parallel non-inferiority and superiority trial to test decision-making informed by that model. Method The position expressed in this paper is based on an analysis of the PROFID trials using concepts from high-profile publications in the ethical literature. Results We identify ethical issues related to the testing of the model in the treatment setting, and to both the superiority and the non-inferiority trial. We underline the need for ethical-empirical studies about these issues, also among patients, as a parallel to the actual trials. The number of ethics committees involved is an organisational, but also an ethical challenge. Conclusion The PROFID trials, and probably other studies of similar scale and complexity, raise questions that deserve dedicated parallel ethics and social science research, but do not constitute a generic obstacle. A harmonisation procedure, comparable to the Voluntary Harmonization Procedure (VHP) for medication trials, could be needed for this type of trials.  © 2021 Massachussetts Medical Society. All rights reserved.",2021
1667,"Background: The current epidemic of opioid overdoses in the United States necessitates a robust public health and clinical response. We described patterns of non-fatal opioid overdoses (NFOODs) in a small western region using data from the 9-1-1 Computer Assisted Dispatch (CAD) record and electronic Patient Clinical Records (ePCR) completed by EMS responders. We determined whether CAD and ePCR variables could identify NFOOD cases in 9-1-1 data for intervention and surveillance efforts. Methods: We conducted a retrospective analysis of 1 year of 9-1-1 emergency medical CAD and ePCR (including naloxone administration) data from the sole EMS provider in the response area. Cases were identified based on clinician review of the ePCR, and categorized as definitive NFOOD, probable NFOOD, or non-OOD. Sensitivity, specificity, positive and negative predictive values (PPV and NPV) of the most prevalent CAD and ePCR variables were calculated. We used a machine learning technique—Random-Forests (RF) modeling—to optimize our ability to accurately predict NFOOD cases within census blocks. Results: Of 37,960 9-1-1 calls, clinical review identified 158 NFOOD cases (0.4%), of which 123 (77.8%) were definitive and 35 (22.2%) were probable cases. Overall, 106 (67.1%) received naloxone from the EMS responder at the scene. As a predictor of NFOOD, naloxone administration by paramedics had 67.1% sensitivity, 99.6% specificity, 44% PPV, and 99.9% NPV. Using CAD variables alone achieved a sensitivity of 36.7% and specificity of 99.7%. Combining ePCR variables with CAD variables increased the diagnostic accuracy with the best RF model yielding 75.9% sensitivity, 99.9% specificity, 71.4% PPV, and 99.9% NPV. Conclusion: CAD problem type variables and naloxone administration, used alone or in combination, had sub-optimal predictive accuracy. However, a Random Forests modeling approach improved accuracy of identification, which could foster improved surveillance and intervention efforts. We identified the set of NFOODs that EMS encountered in a year and may be useful for future surveillance efforts. © 2021 National Association of EMS Physicians.",2022
1875,"Background: Researchers routinely evaluate novel biomarkers for incorporation into clinical risk models, weighing tradeoffs between cost, availability, and ease of deployment. For risk assessment in population health initiatives, ideal inputs would be those already available for most patients. We hypothesized that common hematologic markers (eg, hematocrit), available in an outpatient complete blood count without differential, would be useful to develop risk models for cardiovascular events. Methods: We developed Cox proportional hazards models for predicting heart attack, ischemic stroke, heart failure hospitalization, revascularization, and all-cause mortality. For predictors, we used 10 hematologic indices (eg, hematocrit) from routine laboratory measurements, collected March 2016 to May 2017 along with demographic data and diagnostic codes. As outcomes, we used neural network-based automated event adjudication of 1 028 294 discharge summaries. We trained models on 23 238 patients from one hospital in Boston and evaluated them on 29 671 patients from a second one. We assessed calibration using Brier score and discrimination using Harrell's concordance index. In addition, to determine the utility of high-dimensional interactions, we compared our proportional hazards models to random survival forest models. Results: Event rates in our cohort ranged from 0.0067 to 0.075 per person-year. Models using only hematology indices had concordance index ranging from 0.60 to 0.80 on an external validation set and showed the best discrimination when predicting heart failure (0.80 [95% CI, 0.79-0.82]) and all-cause mortality (0.78 [0.77-0.80]). Compared with models trained only on demographic data and diagnostic codes, models that also used hematology indices had better discrimination and calibration. The concordance index of the resulting models ranged from 0.75 to 0.85 and the improvement in concordance index ranged up to 0.072. Random survival forests had minimal improvement over proportional hazards models. Conclusions: We conclude that low-cost, ubiquitous inputs, if biologically informative, can provide population-level readouts of risk. © 2022 Lippincott Williams and Wilkins. All rights reserved.",2022
1574,"Background and Objective: Cardiac perfusion magnetic resonance imaging (MRI) with first pass dynamic contrast enhancement (DCE) is a useful tool to identify perfusion defects in myocardial tissues. Automatic segmentation of the myocardium can lead to efficient quantification of perfusion defects. The purpose of this study was to investigate the usefulness of uncertainty estimation in deep convolutional neural networks for automatic myocardial segmentation. Methods: A U-Net segmentation model was trained on the cardiac cine data. Monte Carlo dropout sampling of the U-Net model was performed on the dynamic perfusion datasets frame-by-frame to estimate the standard deviation (SD) maps. The uncertainty estimate based on the sum of the SD values was used to select the optimal frames for endocardial and epicardial segmentations. DCE perfusion data from 35 subjects (14 subjects with coronary artery disease, 8 subjects with hypertrophic cardiomyopathy, and 13 healthy volunteers) were evaluated. The Dice similarity scores of the proposed method were compared with those of a semi-automatic U-Net segmentation method, which involved user selection of an image frame for segmentation in the cardiac perfusion dataset. Results: The proposed method was fully automatic and did not require manual labeling of the cardiac perfusion image data for model development. The mean Dice similarity score of the proposed automatic method was 0.806 (±0.096), which was comparable to the 0.808 (±0.084) Dice score of the semi-automatic U-Net segmentation method (intraclass correlation coefficient = 0.61, P < 0.001). Conclusions: Our study demonstrated the feasibility of applying an existing model trained on cardiac cine data to dynamic cardiac perfusion data to achieve robust and automatic segmentation of the myocardium. The uncertainty estimates can be used for screening purposes, which would facilitate the cases with high endocardial and epicardial uncertainty estimates to be sent for further evaluation and correction by human experts. © 2019 Elsevier B.V.",2020
2004,"Social support has been associated with coronary artery disease (CAD), particularly in individuals who have sustained a cardiovascular event. This study investigated the relationship between social support and subclinical CAD among 1067 healthy middle-aged men and women. Social support was assessed with validated social integration and emotional attachment measures. Subclinical CAD was assessed as a coronary artery calcium score (CACS) using computed tomography. There was no association between social support and CACS in men. In women, low social support was strongly linked to cardiovascular risk factors, high levels of inflammatory markers, and CACS > 0. In a logistic regression model, after adjustment for 12 cardiovascular risk factors, the odds ratio (95% confidence intervals) for CACS > 0 in women with the lowest social integration, emotional attachment, and social support groups (reference: highest corresponding group) were 2.47 (1.23–5.12), 1.87 (0.93–3.59), and 4.28 (1.52-12.28), respectively. Using a machine learning approach (random forest), social integration was the fourth (out of 12) most important risk factor for CACS > 0 in women. Women with lower compared to higher or moderate social integration levels were about 14 years older in “vascular age”. This study showed an association between lack of social support and subclinical CAD in middle-aged women, but not in men. Lack of social support may affect the atherosclerotic process and identify individuals vulnerable to CAD events. © 2020 by the authors. Licensee MDPI, Basel, Switzerland.",2020
1769,"Background: Lipoprotein(a) [Lp(a)] is a risk factor for cardiovascular events. This study evaluated the relationship between Lp(a) and high-risk attributes by coronary computed tomography angiography as well as their prognostic value. Methods: Lp(a) and coronary computed tomography angiography from 377 consecutive patients at Zhongshan Hospital (Shanghai, China) were evaluated. High-risk attributes were defined as high-risk morphological attributes (low attenuation plaque, positive remodeling, napkin-ring sign, spotty calcification, minimum lumen area <4 mm2, or plaque burden [ratio between cross-sectional plaque area at the site of maximum stenosis and cross-sectional vessel area] ≥70%); inflammatory attribute represented by fat attenuation index; high-risk physiological attributes [lesion-specific ischemia defined by fractional flow reserve by coronary computed tomography angiography ≤0.8, physiologic diffuseness defined by fractional flow reserve by coronary computed tomography angiography pullback pressure gradient]. Total plaque volume in mm3was also quantified. Quintiles or binary classification of Lp(a) levels were used to evaluate its relationships with plaque features and clinical outcomes with ANOVA, Cox models, and log-rank tests, as appropriate. The major adverse cardiovascular event included cardiovascular death, nonfatal myocardial infarction, and target vessel revascularization. Results: Lp(a) was significantly associated with total plaque volume (P=0.004), fat attenuation index (P=0.031), and fractional flow reserve by coronary computed tomography angiography pullback pressure gradient (P=0.038). Patients with a high Lp(a) level had a higher total plaque volume (393.3 mm3versus 293.9 mm3, P<0.001), lower pullback pressure gradient (0.62 versus 0.69, P=0.023), higher fat attenuation index (-70.5HU versus -73.9HU, P=0.004), and higher incidence of major adverse cardiovascular event (14.5% versus 6.3%, adjusted hazard ratio: 2.52, 95% CI: 1.12-5.63, P=0.025). In a 4-group classification according to Lp(a) and high-risk attributes, patients with high Lp(a) and ≥3 high-risk attributes had the highest risk of major adverse cardiovascular event (25.9%; overall P<0.001). Causal mediation analysis revealed that around 40% of the prognostic effect of Lp(a) was mediated by high-risk attributes. Conclusions: Lp(a) level is associated with coronary computed tomography angiography high-risk characteristics, including morphologic, physiologic, and inflammatory attributes as well as major adverse cardiovascular event. This effect is partly mediated by inflammation and vulnerable plaque. Registration: URL: https://www.clinicaltrials.gov; Unique identifier: NCT05323227. © 2022 Lippincott Williams and Wilkins. All rights reserved.",2022
2025,"Accurate and simultaneous segmentation and full quantification (all indices are required in a clinical assessment) of the myocardial infarction (MI) area are crucial for early diagnosis and surgical planning. Current clinical methods remain subject to potential high-risk, nonreproducibility and time-consumption issues. In this study, a deep spatiotemporal adversarial network (DSTGAN) is proposed as a contrast-free, stable and automatic clinical tool to simultaneously segment and quantify MIs directly from the cine MR image. The DSTGAN is implemented using a conditional generative model, which conditions the distributions of the objective cine MR image to directly optimize the generalized error of the mapping between the input and the output. The method consists of the following: (1) A multi-level and multi-scale spatiotemporal variation encoder learns a coarse to fine hierarchical feature to effectively encode the MI-specific morphological and kinematic abnormality structures, which vary for different spatial locations and time periods. (2) The top-down and cross-task generators learn the shared representations between segmentation and quantification to use the commonalities and differences between the two related tasks and enhance the generator preference. (3) Three inter-/intra-tasks to label the relatedness discriminators are iteratively imposed on the encoder and generator to detect and correct the inconsistencies in the label relatedness between and within tasks via adversarial learning. Our proposed method yields a pixel classification accuracy of 96.98%, and the mean absolute error of the MI centroid is 0.96 mm from 165 clinical subjects. These results indicate the potential of our proposed method in aiding standardized MI assessments. © 2019 Elsevier B.V.",2020
1643,"Coronary artery disease (CAD) is the most common cause of death globally, and its diagnosis is usually based on manual myocardial (MYO) segmentation of MRI sequences. As manual segmentation is tedious, time-consuming, and with low replicability, automatic MYO segmentation using machine learning techniques has been widely explored recently. However, almost all the existing methods treat the input MRI sequences independently, which fails to capture the temporal information between sequences, e.g., the shape and location information of the myocardium in sequences along time. In this article, we propose a MYO segmentation framework for sequence of cardiac MRI (CMR) scanning images of the left ventricular (LV) cavity, right ventricular (RV) cavity, and myocardium. Specifically, we propose to combine conventional neural networks and recurrent neural networks to incorporate temporal information between sequences to ensure temporal consistency. We evaluated our framework on the automated cardiac diagnosis challenge (ACDC) dataset. The experiment results demonstrate that our framework can improve the segmentation accuracy by up to 2% in the Dice coefficient. Copyright © 2022 Chen, Xie, Zhang, Qiu, Zeng, Shi, Yuan, Zhuang, Jia, Zhang, Dong, Huang and Xu.",2022
1598,"Background: The prediction of the number of acute coronary syndromes (ACSs) based on the weather conditions in the individual climate zones is not effective. We sought to investigate whether an artificial intelligence system might be useful in this prediction. Methods: Between 2008 and 2018, a total of 105,934 patients with ACS were hospitalized in Lesser Poland Province, one covered by two meteorological stations. The predicted daily number of ACS has been estimated with the Random Forest machine learning system based on air temperature (°C), air pressure (hPa), dew point temperature (Td) (°C), relative humidity (RH) (%), wind speed (m/s), and precipitation (mm) and their daily extremes and ranges derived from the day of ACS and from 6 days before ACS. Results: Of 840 pairwise comparisons between individual weather parameters and the number of ACS, 128 (15.2%) were significant but weak with the correlation coefficients ranged from −0.16 to 0.16. None of weather parameters correlated with the number of ACS in all the seasons and stations. The number of ACS was higher in warm front days vs. days without any front [40 (29–50) vs. 38 (27–48), respectively, P < 0.05]. The correlation between the predicted and observed daily number of ACS derived from machine learning was 0.82 with 95% CI of 0.80–0.84 (P < 0.001). The greatest importance for machine learning (range 0–1.0) among the parameters reached Td daily range with 1.00, pressure daily range with 0.875, pressure maximum daily range with 0.864, and RH maximum daily range with 0.853, whereas among the clinical parameters reached hypertension daily range with 1.00 and diabetes mellitus daily range with 0.28. For individual seasons and meteorological stations, the correlations between the predicted and observed number of ACS have ranged for spring from 0.73 to 0.77 (95% CI 0.68–0.82), for summer from 0.72 to 0.76 (95% CI 0.66–0.81), for autumn from 0.72 to 0.83 (95% CI 0.67–0.87), and for winter from 0.76 to 0.79 (95% CI 0.71–0.83) (P < 0.001 for each). Conclusion: The weather parameters have proven useful in predicting the prevalence of ACS in a temperate climate zone for all the seasons, if analyzed with an artificial intelligence system. Simultaneously, the analysis of individual weather parameters or frontal scenarios has provided only weak univariate relationships. These findings will require validation in other climatic zones. Copyright © 2022 Wlodarczyk, Molek, Bochenek, Wypych, Nessler and Zalewski.",2022
1573,"Background: We aim to develop an explainable deep learning (DL) network for the prediction of all-cause mortality directly from positron emission tomography myocardial perfusion imaging flow and perfusion polar map data and evaluate it using prospective testing. Methods: A total of 4735 consecutive patients referred for stress and rest 82Rb positron emission tomography between 2010 and 2018 were followed up for all-cause mortality for 4.15 (2.24-6.3) years. DL network utilized polar maps of stress and rest perfusion, myocardial blood flow, myocardial flow reserve, and spill-over fraction combined with cardiac volumes, singular indices, and sex. Patients scanned from 2010 to 2016 were used for training and validation. The network was tested in a set of 1135 patients scanned from 2017 to 2018 to simulate prospective clinical implementation. Results: In prospective testing, the area under the receiver operating characteristic curve for all-cause mortality prediction by DL (0.82 [95% CI, 0.77-0.86]) was higher than ischemia (0.60 [95% CI, 0.54-0.66]; P <0.001), myocardial flow reserve (0.70 [95% CI, 0.64-0.76], P <0.001) or a comprehensive logistic regression model (0.75 [95% CI, 0.69-0.80], P <0.05). The highest quartile of patients by DL had an annual all-cause mortality rate of 11.87% and had a 16.8 ([95% CI, 6.12%-46.3%]; P <0.001)-fold increase in the risk of death compared with the lowest quartile patients. DL showed a 21.6% overall reclassification improvement as compared with established measures of ischemia. Conclusions: The DL model trained directly on polar maps allows improved patient risk stratification in comparison with established methods for positron emission tomography flow or perfusion assessments. © 2022 Lippincott Williams and Wilkins. All rights reserved.",2022
2027,"A wide range of emerging therapies, from surgical restraint to biomaterial injection to tissue engineering, aim to improve heart function and limit adverse remodeling following myocardial infarction (MI). We previously showed that longitudinal surgical reinforcement of large anterior infarcts in dogs could significantly enhance systolic function without restricting diastolic function, but the underlying mechanisms for this improvement are poorly understood. The goal of this study was to construct a finite element model that could match our previously published data on changes in regional strains and left ventricular function following longitudinal surgical reinforcement, then use the model to explore potential mechanisms for the improvement in systolic function we observed. The model presented here, implemented in febio, matches all the key features of our experiments, including diastolic remodeling strains in the ischemic region, small shifts in the end-diastolic pressure-volume relationship (EDPVR), and large changes in the end-systolic pressure-volume relationship (ESPVR) in response to ischemia and to patch application. Detailed examination of model strains and stresses suggests that longitudinal reinforcement reduces peak diastolic fiber stretch and systolic fiber stress in the remote myocardium and shifts those peaks away from the endocardial surface by reshaping the left ventricle (LV). These findings could help to guide the development of novel therapies to improve post-MI function by providing specific design objectives.  © 2020 by ASME.",2020
1792,"Background: In patients with suspected or known coronary artery disease, traditional prognostic risk assessment is based on a limited selection of clinical and imaging findings. Machine learning (ML) methods can take into account a greater number and complexity of variables. Objectives: This study sought to investigate the feasibility and accuracy of ML using stress cardiac magnetic resonance (CMR) and clinical data to predict 10-year all-cause mortality in patients with suspected or known coronary artery disease, and compared its performance with existing clinical or CMR scores. Methods: Between 2008 and 2018, a retrospective cohort study with a median follow-up of 6.0 (IQR: 5.0-8.0) years included all consecutive patients referred for stress CMR. Twenty-three clinical and 11 stress CMR parameters were evaluated. ML involved automated feature selection by random survival forest, model building with a multiple fractional polynomial algorithm, and 5 repetitions of 10-fold stratified cross-validation. The primary outcome was all-cause death based on the electronic National Death Registry. The external validation cohort of the ML score was performed in another center. Results: Of 31,752 consecutive patients (mean age: 63.7 ± 12.1 years, and 65.7% male), 2,679 (8.4%) died with 206,453 patient-years of follow-up. The ML score (ranging from 0 to 10 points) exhibited a higher area under the curve compared with Clinical and Stress Cardiac Magnetic Resonance score, European Systematic Coronary Risk Estimation score, QRISK3 score, Framingham Risk Score, and stress CMR data alone for prediction of 10-year all-cause mortality (ML score: 0.76 vs Clinical and Stress Cardiac Magnetic Resonance score: 0.68, European Systematic Coronary Risk Estimation score: 0.66, QRISK3 score: 0.64, Framingham Risk Score: 0.63, extent of inducible ischemia: 0.66, extent of late gadolinium enhancement: 0.65; all P < 0.001). The ML score also exhibited a good area under the curve in the external cohort (0.75). Conclusions: The ML score including clinical and stress CMR data exhibited a higher prognostic value to predict 10-year death compared with all traditional clinical or CMR scores. © 2022 American College of Cardiology Foundation",2022
1766,"Objective. The study aimed to use machine learning algorithms to predict the need for revascularization in patients presenting with chest pain in the emergency department. Methods. We obtained data from 581 patients with chest pain, 264 who underwent revascularization, and the other 317 were treated with medication alone for 3 months. Using standard algorithms, linear discriminant analysis, and standard algorithms, we analyzed 41 features relevant to coronary artery disease (CAD). Results. We identified seven robust predictive features. The combination of these predictors gave an area under the curve (AUC) of 0.830 to predict the need for revascularization. By contrast, the GRACE score gave an AUC of 0.68. Conclusions. This machine learning-based approach predicts the need for revascularization in patients with chest pain.  © 2022 ZhiChang Zheng et al.",2022
1582,"Purpose: Cardiac motion tracking enables quantitative evaluation of myocardial strain, which is clinically interesting in cardiovascular disease research. However, motion tracking is difficult to perform manually. In this paper, we aim to develop and compare two fully automated motion tracking methods for the steady state free precession (SSFP) cine magnetic resonance imaging (MRI), and explore their use in real clinical scenario with different patient groups. Methods: We proposed two automated cardiac motion tracking method: (a) a traditional registration-based method, named full cardiac cycle registration, which simultaneously tracks all cine frames within a full cardiac cycle by joint registration of all frames; and (b) a modern convolutional neural network (CNN)-based method, named Groupwise MotionNet, which enhances the temporal coherence by fusing motion along a continuous time scale. Both methods were evaluated on the healthy volunteer data from the MICCAI 2011 STACOM Challenge, as well as on patient data including hypertrophic cardiomyopathy (HCM) and myocardial infarction (MI). Results: The full cardiac cycle registration method achieved an average end-point error (EPE) 2.89 ± 1.57 mm for cardiac motion tracking, with computation time of around 9 min per short-axis cine MRI (size 128 × 128, 30 cardiac phases). In comparison, the Groupwise MotionNet achieved an average EPE of 0.94 ± 1.59 mm, taking < 1 s for a full cardiac phases. Further experiments showed that registration method had stable performance, independent of patient cohort and MRI machine, while the CNN-based method relied on the training data to deliver consistently accurate results. Conclusion: Both registration-based and CNN-based method can track the cardiac motion from SSFP cine MRI in a fully automated manner, while taking temporal coherence into account. The registration method is generic, robust, but relatively slow; the CNN-based method trained with heterogeneous data was able to achieve high tracking accuracy with real-time performance. © 2020 The Authors. Medical Physics published by Wiley Periodicals LLC on behalf of American Association of Physicists in Medicine.",2020
1586,"India's urbanising middle class is at the brink of an unprecedented increase in residential cooling demand, yet little is understood about the dynamics of changing cooling consumption. Based on empirical analyses, this research examines a set of fundamental questions around India's cooling transition. How is cooling conceptualised and what cooling strategies do households use? How, when and why are people purchasing and using their air conditioners (ACs)? Who is buying energy-efficient ACs? Is cooling consumption gendered? Using descriptive statistics, machine learning, and regression analysis to characterize AC usage, we examine a sample dataset (n = 2092) that is representative of areas in Delhi with above average AC penetration. We unpack perceptions of thermal comfort, and characterize the conditions under which households have greater AC use and make energy efficient purchase choices. AC usage is found to be a function of household habits (such as exposure to ACs in the workplace or schools), structural factors, and socio demographic features. While most ACs are in the middle energy-efficiency range, preferences, behaviours and awareness around energy efficiency are found to affect AC use as well as influence the purchase of more efficient ACs. Notable gender differences are observed, and women are found to be less involved in decision-making around cooling appliances and less aware of the technical know-how or energy-efficient schemes. Policy recommendations for a low-carbon cooling trajectory are discussed. © 2021 The Author(s).",2021
1998,"Background: Prehospital automated large vessel occlusion (LVO) detection in Mobile Stroke Units (MSUs) could accelerate identification and treatment of patients with LVO acute ischemic stroke. Here, we evaluate the performance of a machine learning (ML) model on CT angiograms (CTAs) obtained from 2 MSUs to detect LVO. Methods: Patients evaluated on MSUs in Houston and Los Angeles with out-of-hospital CTAs were identified. Anterior circulation LVO was defined as an occlusion of the intracranial internal carotid artery, middle cerebral artery (M1 or M2), or anterior cerebral artery vessels and determined by an expert human reader. A ML model to detect LVO was trained and tested on independent data sets consisting of in-hospital CTAs and then tested on MSU CTA images. Model performance was determined using area under the receiver-operator curve statistics. Results: Among 68 patients with out-of-hospital MSU CTAs, 40% had an LVO. The most common occlusion location was the middle cerebral artery M1 segment (59%), followed by the internal carotid artery (30%), and middle cerebral artery M2 (11%). Median time from last known well to CTA imaging was 88.0 (interquartile range, 59.5-196.0) minutes. After training on 870 in-hospital CTAs, the ML model performed well in identifying LVO in a separate in-hospital data set of 441 images with area under receiver-operator curve of 0.84 (95% CI, 0.80-0.87). ML algorithm analysis time was under 1 minute. The performance of the ML model on the MSU CTA images was comparable with area under receiver-operator curve 0.80 (95% CI, 0.71-0.89). There was no significant difference in performance between the Houston and Los Angeles MSU CTA cohorts. Conclusions: In this study of patients evaluated on MSUs in 2 cities, a ML algorithm was able to accurately and rapidly detect LVO using prehospital CTA acquisitions. © 2022 Lippincott Williams and Wilkins. All rights reserved.",2022
1843,"Background: Remodeling due to myocardial infarction (MI) significantly increases patient arrhythmic risk. Simulations using patient-specific models have shown promise in predicting personalized risk for arrhythmia. However, these are computationally- and time- intensive, hindering translation to clinical practice. Classical machine learning (ML) algorithms (such as K-nearest neighbors, Gaussian support vector machines, and decision trees) as well as neural network techniques, shown to increase prediction accuracy, can be used to predict occurrence of arrhythmia as predicted by simulations based solely on infarct and ventricular geometry. We present an initial combined image-based patient-specific in silico and machine learning methodology to assess risk for dangerous arrhythmia in post-infarct patients. Furthermore, we aim to demonstrate that simulation-supported data augmentation improves prediction models, combining patient data, computational simulation, and advanced statistical modeling, improving overall accuracy for arrhythmia risk assessment. Methods: MRI-based computational models were constructed from 30 patients 5 days post-MI (the “baseline” population). In order to assess the utility biophysical model-supported data augmentation for improving arrhythmia prediction, we augmented the virtual baseline patient population. Each patient ventricular and ischemic geometry in the baseline population was used to create a subfamily of geometric models, resulting in an expanded set of patient models (the “augmented” population). Arrhythmia induction was attempted via programmed stimulation at 17 sites for each virtual patient corresponding to AHA LV segments and simulation outcome, “arrhythmia,” or “no-arrhythmia,” were used as ground truth for subsequent statistical prediction (machine learning, ML) models. For each patient geometric model, we measured and used choice data features: the myocardial volume and ischemic volume, as well as the segment-specific myocardial volume and ischemia percentage, as input to ML algorithms. For classical ML techniques (ML), we trained k-nearest neighbors, support vector machine, logistic regression, xgboost, and decision tree models to predict the simulation outcome from these geometric features alone. To explore neural network ML techniques, we trained both a three - and a four-hidden layer multilayer perceptron feed forward neural networks (NN), again predicting simulation outcomes from these geometric features alone. ML and NN models were trained on 70% of randomly selected segments and the remaining 30% was used for validation for both baseline and augmented populations. Results: Stimulation in the baseline population (30 patient models) resulted in reentry in 21.8% of sites tested; in the augmented population (129 total patient models) reentry occurred in 13.0% of sites tested. ML and NN models ranged in mean accuracy from 0.83 to 0.86 for the baseline population, improving to 0.88 to 0.89 in all cases. Conclusion: Machine learning techniques, combined with patient-specific, image-based computational simulations, can provide key clinical insights with high accuracy rapidly and efficiently. In the case of sparse or missing patient data, simulation-supported data augmentation can be employed to further improve predictive results for patient benefit. This work paves the way for using data-driven simulations for prediction of dangerous arrhythmia in MI patients. © Copyright © 2021 Maleckar, Myklebust, Uv, Florvaag, Strøm, Glinge, Jabbari, Vejlstrup, Engstrøm, Ahtarovski, Jespersen, Tfelt-Hansen, Naumova and Arevalo.",2021
2019,"Few studies have addressed the predictive value of arterial stiffness determined by pulse wave velocity (PWV) in a high-risk population with no prevalent cardiovascular disease and with obesity, hypertension, hyperglycemia, and preserved kidney function. This longitudinal, retrospective study enrolled 88 high-risk patients and had a follow-up time of 12.4 years. We collected clinical and laboratory data, as well as information on arterial stiffness parameters using arterial tonometry and measurements from ambulatory blood pressure monitoring. We considered nonfatal, incident cardiovascular events as the primary outcome. Given the small size of our dataset, we used survival analysis (i.e., Cox proportional hazards model) combined with a machine learning-based algorithm/penalization method to evaluate the data. Our predictive model, calculated with Cox regression and least absolute shrinkage and selection operator (LASSO), included body mass index, diabetes mellitus, gender (male), and PWV. We recorded 16 nonfatal cardiovascular events (5 myocardial infarctions, 5 episodes of heart failure, and 6 strokes). The adjusted hazard ratio for PWV was 1.199 (95% confidence interval: 1.09–1.37, p < 0.001). Arterial stiffness was a predictor of cardiovascular disease development, as determined by PWV in a high-risk population. Thus, in obese, hypertensive, hyperglycemic patients with preserved kidney function, PWV can serve as a prognostic factor for major adverse cardiac events. © 2019, Springer Science+Business Media, LLC, part of Springer Nature.",2020
1642,"Cardiac anatomy and function vary considerably across the human population with important implications for clinical diagnosis and treatment planning. Consequently, many computer-based approaches have been developed to capture this variability for a wide range of applications, including explainable cardiac disease detection and prediction, dimensionality reduction, cardiac shape analysis, and the generation of virtual heart populations. In this work, we propose a variational mesh autoencoder (mesh VAE) as a novel geometric deep learning approach to model such population-wide variations in cardiac shapes. It embeds multi-scale graph convolutions and mesh pooling layers in a hierarchical VAE framework to enable direct processing of surface mesh representations of the cardiac anatomy in an efficient manner. The proposed mesh VAE achieves low reconstruction errors on a dataset of 3D cardiac meshes from over 1,000 patients with acute myocardial infarction, with mean surface distances between input and reconstructed meshes below the underlying image resolution. We also find that it outperforms a voxelgrid-based deep learning benchmark in terms of both mean surface distance and Hausdorff distance while requiring considerably less memory. Furthermore, we explore the quality and interpretability of the mesh VAE's latent space and showcase its ability to improve the prediction of major adverse cardiac events over a clinical benchmark. Finally, we investigate the method's ability to generate realistic virtual populations of cardiac anatomies and find good alignment between the synthesized and gold standard mesh populations in terms of multiple clinical metrics. Copyright © 2022 Beetz, Corral Acero, Banerjee, Eitel, Zacur, Lange, Stiermaier, Evertz, Backhaus, Thiele, Bueno-Orovio, Lamata, Schuster and Grau.",2022
2012,"In today's world, cardiovascular diseases are prevalent becoming the leading cause of death; more than half of the cardiovascular diseases are due to Coronary Heart Disease (CHD) which generates the demand of predicting them timely so that people can take precautions or treatment before it becomes fatal. For serving this purpose a Modified Artificial Plant Optimization (MAPO) algorithm has been proposed which can be used as an optimal feature selector along with other machine learning algorithms to predict the heart rate using the fingertip video dataset which further predicts the presence or absence of Coronary Heart Disease in an individual at the moment. Initially, the video dataset has been pre-processed, noise is filtered and then MAPO is applied to predict the heart rate with a Pearson correlation and Standard Error Estimate of 0.9541 and 2.418 respectively. The predicted heart rate is used as a feature in other two datasets and MAPO is again applied to optimize the features of both datasets. Different machine learning algorithms are then applied to the optimized dataset to predict values for presence of current heart disease. The result shows that MAPO reduces the dimensionality to the most significant information with comparable accuracies for different machine learning models with maximum dimensionality reduction of 81.25%. MAPO has been compared with other optimizers and outperforms them with better accuracy. © 2019 Elsevier B.V.",2020
1824,"Aims: We set out to further develop reflectance spectroscopy for the characterisation and quantification of coronary thrombi. Additionally, we explore the potential of our approach for use as a risk stratification tool by exploring the relation of reflectance spectra to indices of coronary microvascular injury. Methods and results: We performed hyperspectral imaging of coronary thrombi aspirated from 306 patients presenting with ST-segment elevation acute coronary syndrome (STEACS). Spatially resolved reflected light spectra were analysed using unsupervised machine learning approaches. Invasive [index of coronary microvascular resistance (IMR)] and non-invasive [microvascular obstruction (MVO) at cardiac magnetic resonance imaging] indices of coronary microvascular injury were measured in a sub-cohort of 36 patients. The derived spectral signatures of coronary thrombi were correlated with both invasive and non-invasive indices of coronary microvascular injury. Successful machine-learning-based classification of the various thrombus image components, including differentiation between blood and thrombus, was achieved when classifying the pixel spectra into 11 groups. Fitting of the spectra to basis spectra recorded for separated blood components confirmed excellent correlation with visually inspected thrombi. In the 36 patients who underwent successful thrombectomy, spectral signatures were found to correlate well with the index of microcirculatory resistance and microvascular obstruction; R2: 0.80, p < 0.0001, n = 21 and R2: 0.64, p = 0.02, n = 17, respectively. Conclusion: Machine learning assisted reflectance spectral analysis can provide a measure of thrombus composition and evaluate coronary microvascular injury in patients with STEACS. Future work will further validate its deployment as a point-of-care diagnostic and risk stratification tool for STEACS care. Copyright © 2022 Kotronias, Fielding, Greenhalgh, Lee, Alkhalil, Marin, Emfietzoglou, Banning, Vallance, Channon and De Maria.",2022
1635,"Objective: Computerized decision-support tools may improve diagnosis of acute myocardial infarction (AMI) among patients presenting with chest pain at the emergency department (ED). The primary aim was to assess the predictive accuracy of machine learning algorithms based on paired high-sensitivity cardiac troponin T (hs-cTnT) concentrations with varying sampling times, age, and sex in order to rule in or out AMI. Methods: In this register-based, cross-sectional diagnostic study conducted retrospec-tively based on 5695 chest pain patients at 2 hospitals in Sweden 2013–2014 we used 5-fold cross-validation 200 times in order to compare the performance of an artificial neural network (ANN) with European guideline-recommended 0/1-and 0/3-hour algorithms for hs-cTnT and with logistic regression without interaction terms. Primary outcome was the size of the intermediate risk group where AMI could not be ruled in or out, while holding the sensitivity (rule-out) and specificity (rule-in) constant across models. Results: ANN and logistic regression had similar (95%) areas under the receiver oper-ating characteristics curve. In patients (n = 4171) where the timing requirements (0/1 or 0/3 hour) for the sampling were met, using ANN led to a relative decrease of 9.2% (95% confidence interval 4.4% to 13.8%; from 24.5% to 22.2% of all tested patients) in the size of the intermediate group compared to the recommended algorithms. By contrast, using logistic regression did not substantially decrease the size of the intermediate group. Conclusion: Machine learning algorithms allow for flexibility in sampling and have the potential to improve risk assessment among chest pain patients at the ED. © 2021 The Authors.",2021
1866,"Introduction: Representation learning allows artificial intelligence (AI) models to learn useful features from large, unlabelled datasets. This can reduce the need for labelled data across a range of downstream tasks. It was hypothesised that wave segmentation would be a useful form of electrocardiogram (ECG) representation learning. In addition to reducing labelled data requirements, segmentation masks may provide a mechanism for explainable AI. This study details the development and evaluation of a Wave Segmentation Pretraining (WaSP) application. Materials and Methods: Pretraining: A non-AI-based ECG signal and image simulator was developed to generate ECGs and wave segmentation masks. U-Net models were trained to segment waves from synthetic ECGs. Dataset: The raw sample files from the PTB-XL dataset were downloaded. Each ECG was also plotted into an image. Fine-tuning and evaluation: A hold-out approach was used with a 60:20:20 training/validation/test set split. The encoder portions of the U-Net models were fine-tuned to classify PTB-XL ECGs for two tasks: sinus rhythm (SR) vs atrial fibrillation (AF), and myocardial infarction (MI) vs normal ECGs. The fine-tuning was repeated without pretraining. Results were compared. Explainable AI: an example pipeline combining AI-derived segmentation masks and a rule-based AF detector was developed and evaluated. Results: WaSP consistently improved model performance on downstream tasks for both ECG signals and images. The difference between non-pretrained models and models pretrained for wave segmentation was particularly marked for ECG image analysis. A selection of segmentation masks are shown. An AF detection algorithm comprising both AI and rule-based components performed less well than end-to-end AI models but its outputs are proposed to be highly explainable. An example output is shown. Conclusion: WaSP using synthetic data and labels allows AI models to learn useful features for downstream ECG analysis with real-world data. Segmentation masks provide an intermediate output that may facilitate confidence calibration in the context of end-to-end AI. It is possible to combine AI-derived segmentation masks and rule-based diagnostic classifiers for explainable ECG analysis. Copyright © 2022 Brisk, Bond, Finlay, McLaughlin, Piadlo and McEneaney.",2022
1958,"Aims?: Coronary artery disease is frequently diagnosed following evaluation of stable chest pain with anatomical or functional testing. A more granular understanding of patient phenotypes that benefit from either strategy may enable personalized testing. Methods and results?: Using participant-level data from 9572 patients undergoing anatomical (n = 4734) vs. functional (n = 4838) testing in the PROMISE (PROspective Multicenter Imaging Study for Evaluation of Chest Pain) trial, we created a topological representation of the study population based on 57 pre-randomization variables. Within each patient's 5% topological neighbourhood, Cox regression models provided individual patient-centred hazard ratios for major adverse cardiovascular events and revealed marked heterogeneity across the phenomap [median 1.11 (10th to 90th percentile: 0.52-2.61]), suggestive of distinct phenotypic neighbourhoods favouring anatomical or functional testing. Based on this risk phenomap, we employed an extreme gradient boosting algorithm in 80% of the PROMISE population to predict the personalized benefit of anatomical vs. functional testing using 12 model-derived, routinely collected variables and created a decision support tool named ASSIST (Anatomical vs. Stress teSting decIsion Support Tool). In both the remaining 20% of PROMISE and an external validation set consisting of patients from SCOT-HEART (Scottish COmputed Tomography of the HEART Trial) undergoing anatomical-first vs. functional-first assessment, the testing strategy recommended by ASSIST was associated with a significantly lower incidence of each study's primary endpoint (P = 0.0024 and P = 0.0321 for interaction, respectively), as well as a harmonized endpoint of all-cause mortality or non-fatal myocardial infarction (P = 0.0309 and P < 0.0001 for interaction, respectively). Conclusion?: We propose a novel phenomapping-derived decision support tool to standardize the selection of anatomical vs. functional testing in the evaluation of stable chest pain, validated in two large and geographically diverse clinical trial populations.  © 2021 Published on behalf of the European Society of Cardiology. All rights reserved. ",2021
1637,"Regional cardiac motion scoring aims to classify the motion status of each myocardium segment into one of the four categories (normal, hypokinetic, akinetic, and dyskinetic) from multiple short-axis MR sequences. It is essential for prognosis and early diagnosis for various cardiac diseases. However, the complex motion procedure of the myocardium and the invisible pattern differences pose great challenges, leading to low performance for automatic methods. Most existing works mitigate the task by differentiating the normal motion patterns from the abnormal ones, without fine-grained motion scoring. We propose an effective method for the task of cardiac motion scoring by connecting a bottom-up and another top-down branch with a novel motion-based spatial attention module in multi-scale space. Specifically, we use the convolution blocks for low-level feature extraction that acts as a bottom-up mechanism, and the task of optical flow for explicit motion extraction that acts as a top-down mechanism for high-level allocation of spatial attention. To this end, a newly designed Multi-scale Motion-based Spatial Attention (MMSA) module is used as the pivot connecting the bottom-up part and the top-down part, and adaptively weight the low-level features according to the motion information. Experimental results on a newly constructed dataset of 1440 myocardium segments from 90 subjects demonstrate that the proposed MMSA can accurately analyze the regional myocardium motion, with accuracies of 79.3% for 4-way motion scoring, 89.0% for abnormality detection, and correlation of 0.943 for estimation of motion score index. This work has great potential for practical assessmentof cardiac motion function.  © 2013 IEEE.",2022
1789,"Background and objective: Atrial fibrillation (AF) is the most common form of cardiac rhythm disorder. Early detection of AF can result in a lower risk of stroke, heart failure, systemic thromboembolism, and coronary artery disease. AF detection however is challenging due to the need for specialised equipment and professional technicians. Hand-held electrocardiogram (ECG) devices, including wearables, are now available and provide a potential mechanism for detecting AF. We wished to identify AF from short single-lead ECG recordings using a machine learning method. Methods: We predicted AF from ECG signals by stacking a support vector machine (SVM) on statistical features of segment-based recognition units produced by a convolutional neural network. We used the ECG dataset from the PhysioNet/Computing in Cardiology Challenge 2017, which contained 8528 ECG recordings, to validate our method. Results: ECG recordings were categorised into four classes with an average F1 score of 84.19% under fivefold cross-validations. Conclusions: Our model performed better than other state-of-the-art methods applied to the same dataset using the same metric. This stacking method can be generalised for other problems related to medical signals as it does not require expertise in analysing ECG data. © 2021 Elsevier Ltd",2021
1870,"Objectives: This study sought to examine if fully automated measurements of global longitudinal strain (GLS) using a novel motion estimation technology based on deep learning and artificial intelligence (AI) are feasible and comparable with a conventional speckle-tracking application. Background: GLS is an important parameter when evaluating left ventricular function. However, analyses of GLS are time consuming and demand expertise, and thus are underused in clinical practice. Methods: In this study, 200 patients with a wide range of left ventricle (LV) function were included. Three standard apical cine-loops were analyzed using the AI pipeline. The AI method measured GLS and was compared with a commercially available semiautomatic speckle-tracking software (EchoPAC v202, GE Healthcare. Results: The AI method succeeded to both correctly classify all 3 standard apical views and perform timing of cardiac events in 89% of patients. Furthermore, the method successfully performed automatic segmentation, motion estimates, and measurements of GLS in all examinations, across different cardiac pathologies and throughout the spectrum of LV function. GLS was −12.0 ± 4.1% for the AI method and −13.5 ± 5.3% for the reference method. Bias was −1.4 ± 0.3% (95% limits of agreement: 2.3 to −5.1), which is comparable with intervendor studies. The AI method eliminated measurement variability and a complete GLS analysis was processed within 15 s. Conclusions: Through the range of LV function this novel AI method succeeds, without any operator input, to automatically identify the 3 standard apical views, perform timing of cardiac events, trace the myocardium, perform motion estimation, and measure GLS. Fully automated measurements based on AI could facilitate the clinical implementation of GLS. © 2021 The Authors",2021
1592,"Background: Coronary artery calcium (CAC) score is a clinically validated marker of cardiovascular disease risk. We developed and validated a novel cardiovascular risk stratification system based on deep-learning-predicted CAC from retinal photographs. Methods: We used 216 152 retinal photographs from five datasets from South Korea, Singapore, and the UK to train and validate the algorithms. First, using one dataset from a South Korean health-screening centre, we trained a deep-learning algorithm to predict the probability of the presence of CAC (ie, deep-learning retinal CAC score, RetiCAC). We stratified RetiCAC scores into tertiles and used Cox proportional hazards models to evaluate the ability of RetiCAC to predict cardiovascular events based on external test sets from South Korea, Singapore, and the UK Biobank. We evaluated the incremental values of RetiCAC when added to the Pooled Cohort Equation (PCE) for participants in the UK Biobank. Findings: RetiCAC outperformed all single clinical parameter models in predicting the presence of CAC (area under the receiver operating characteristic curve of 0·742, 95% CI 0·732–0·753). Among the 527 participants in the South Korean clinical cohort, 33 (6·3%) had cardiovascular events during the 5-year follow-up. When compared with the current CAC risk stratification (0, >0–100, and >100), the three-strata RetiCAC showed comparable prognostic performance with a concordance index of 0·71. In the Singapore population-based cohort (n=8551), 310 (3·6%) participants had fatal cardiovascular events over 10 years, and the three-strata RetiCAC was significantly associated with increased risk of fatal cardiovascular events (hazard ratio [HR] trend 1·33, 95% CI 1·04–1·71). In the UK Biobank (n=47 679), 337 (0·7%) participants had fatal cardiovascular events over 10 years. When added to the PCE, the three-strata RetiCAC improved cardiovascular risk stratification in the intermediate-risk group (HR trend 1·28, 95% CI 1·07–1·54) and borderline-risk group (1·62, 1·04–2·54), and the continuous net reclassification index was 0·261 (95% CI 0·124–0·364). Interpretation: A deep learning and retinal photograph-derived CAC score is comparable to CT scan-measured CAC in predicting cardiovascular events, and improves on current risk stratification approaches for cardiovascular disease events. These data suggest retinal photograph-based deep learning has the potential to be used as an alternative measure of CAC, especially in low-resource settings. Funding: Yonsei University College of Medicine; Ministry of Health and Welfare, Korea Institute for Advancement of Technology, South Korea; Agency for Science, Technology, and Research; and National Medical Research Council, Singapore. © 2021 The Author(s). Published by Elsevier Ltd. This is an Open Access article under the CC BY 4.0 license",2021
1579,"Background and Purpose: Mechanical thrombectomy greatly improves stroke outcomes. Nonetheless, some patients fall short of full recovery despite good reperfusion. The purpose of this study was to develop machine learning (ML) models for the pre-interventional prediction of functional outcome at 3 months of thrombectomy in acute ischemic stroke (AIS), using clinical and auto-extractable radiological information consistently available upon first emergency evaluation. Materials and Methods: A two-center retrospective cohort of 293 patients with AIS who underwent thrombectomy was analyzed. ML models were developed to predict dichotomized modified Rankin score at 90 days (mRS-90) using clinical and imaging features, both separately and combined. Conventional and experimental imaging biomarkers were quantified using automated image-processing software from non-contract computed tomography (CT) and computed tomography angiography (CTA). Shapley Additive Explanation (SHAP) was applied for model interpretability and predictor importance analysis of the optimal model. Results: Merging clinical and imaging features returned the best results for mRS-90 prediction. The best performing classifier was Extreme Gradient Boosting (XGB) with an area under the receiver operating characteristic curve (AUC) = 84% using selected features. The most important classifying features were age, baseline National Institutes of Health Stroke Scale (NIHSS), occlusion side, degree of brain atrophy [primarily represented by cortical cerebrospinal fluid (CSF) volume and lateral ventricle volume], early ischemic core [primarily represented by e-Alberta Stroke Program Early CT Score (ASPECTS)], and collateral circulation deficit volume on CTA. Conclusion: Machine learning that is applied to quantifiable image features from CT and CTA alongside basic clinical characteristics constitutes a promising automated method in the pre-interventional prediction of stroke prognosis. Interpretable models allow for exploring which initial features contribute the most to post-thrombectomy outcome prediction overall and for each individual patient outcome. Copyright © 2022 Jabal, Joly, Kallmes, Harston, Rabinstein, Huynh and Brinjikji.",2022
1965,"Background and objective: The delineation of the lumen contour and external elastic lamina (EEL) in intravascular ultrasound (IVUS) images is crucial for the quantitative analysis of coronary atherosclerotic plaques. However, the presence of ultrasonic shadows and anatomical structures (such as bifurcations and calcified plaque) complicates the automatic delineation of the lumen contour and EEL. The purpose of this paper is to evaluate the IVUS segmentation performances of different convolutional networks and the impact factors on a large-scale multiple-center dataset. Methods: A total of 6516 cross-sectional images from 175 IVUS pullbacks acquired in different centers by different IVUS imaging catheters were screened from a corelab to evaluate the segmentation methods. The IVUS images included bifurcation, side branch ostia, and various image artifacts to reflect the general image characteristics in routine clinical acquisition. We compared three generic fully convolutional networks (FCNs) and two FCNs specifically designed for the segmentation of IVUS images and explored the factors impacting the segmentation performance, including the training images and the input of consecutive images to the models. The performance of the FCNs was evaluated by using the Dice similarity coefficient (DSC), the Jaccard index (JI), the Hausdorff distance (HD), linear regression and Bland-Altman analysis. Results: The 4-cascaded RefineNet and DeepLabv3+ outperformed U-net and IVUS-net in the segmentation of the lumen contour and EEL on IVUS images. DeepLabv3+ had the best segmentation performance, with DSCs of 0.927 and 0.944, JIs of 0.911 and 0.933, and HDs of 0.336 mm and 0.367 mm for delineation of the lumen and EEL, respectively. Excellent agreement between DeepLabv3+ and the manual delineation was found in the quantification of the coronary plaque area (r = 0.98). Conclusions: The convolutional network architecture is effective in the automatic segmentation of IVUS images. It might contribute to the clinical application of quantitative IVUS analysis in real-world as well as the efficient assessment of coronary atherosclerosis. © 2021 Elsevier B.V.",2022
1515,"Background: Widespread adoption of evidence-based guidelines and treatment pathways in ST-Elevation Myocardial Infarction (STEMI) patients has considerably improved cardiac survival and decreased the risk of recurrent myocardial infarction. However, survival outcomes appear to have plateaued over the last decade. The hope underpinning the current study is to engage data visualization to develop a more holistic understanding of the patient space, supported by principles and techniques borrowed from traditionally disparate disciplines, like cartography and machine learning. Methods and Results: The Minnesota Heart Institute Foundation (MHIF) STEMI database is a large prospective regional STEMI registry consisting of 180 variables of heterogeneous data types on more than 5000 patients spanning 15 years. Initial assessment and preprocessing of the registry database was undertaken, followed by a first proof-of-concept implementation of an analytical workflow that involved machine learning, dimensionality reduction, and data visualization. 38 pre-admission variables were analyzed in an all-encompassing representation of pre-index STEMI event data. We aim to generate a holistic visual representation — a map of the multivariate patient space — by training a high-resolution self-organizing neural network consisting of several thousand neurons. The resulting 2-D lattice arrangement of n-dimensional neuron vectors allowed patients to be represented as point locations in a 2-D display space. Patient attributes were then visually examined and contextualized in the same display space, from demographics to pre-existing conditions, event-specific procedures, and STEMI outcomes. Data visualizations implemented in this study include a small-multiple display of neural component planes, composite visualization of the multivariate patient space, and overlay visualization of non-training attributes. Conclusion: Our study represents the first known marriage of cartography and machine learning techniques to obtain visualizations of the multivariate space of a regional STEMI registry. Combining cartographic mapping techniques and artificial neural networks permitted the transformation of the STEMI database into novel, two-dimensional visualizations of patient characteristics and outcomes. Notably, these visualizations also drive the discovery of anomalies in the data set, informing corrections applied to detected outliers, thereby further refining the registry for integrity and accuracy. Building on these advances, future efforts will focus on supporting further understanding of risk factors and predictors of outcomes in STEMI patients. More broadly, the thorough visual exploration of display spaces generated through a conjunction of dimensionality reduction with the mature technology base of geographic information systems appears a promising direction for biomedical research. © 2021",2021
1768,"Importance: In the US, more than 600000 adults will experience an acute myocardial infarction (AMI) each year, and up to 20% of the patients will be rehospitalized within 30 days. This study highlights the need for consideration of calibration in these risk models. Objective: To compare multiple machine learning risk prediction models using an electronic health record (EHR)-derived data set standardized to a common data model. Design, Setting, and Participants: This was a retrospective cohort study that developed risk prediction models for 30-day readmission among all inpatients discharged from Vanderbilt University Medical Center between January 1, 2007, and December 31, 2016, with a primary diagnosis of AMI who were not transferred from another facility. The model was externally validated at Dartmouth-Hitchcock Medical Center from April 2, 2011, to December 31, 2016. Data analysis occurred between January 4, 2019, and November 15, 2020. Exposures: Acute myocardial infarction that required hospital admission. Main Outcomes and Measures: The main outcome was thirty-day hospital readmission. A total of 141 candidate variables were considered from administrative codes, medication orders, and laboratory tests. Multiple risk prediction models were developed using parametric models (elastic net, least absolute shrinkage and selection operator, and ridge regression) and nonparametric models (random forest and gradient boosting). The models were assessed using holdout data with area under the receiver operating characteristic curve (AUROC), percentage of calibration, and calibration curve belts. Results: The final Vanderbilt University Medical Center cohort included 6163 unique patients, among whom the mean (SD) age was 67 (13) years, 4137 were male (67.1%), 1019 (16.5%) were Black or other race, and 933 (15.1%) were rehospitalized within 30 days. The final Dartmouth-Hitchcock Medical Center cohort included 4024 unique patients, with mean (SD) age of 68 (12) years; 2584 (64.2%) were male, 412 (10.2%) were rehospitalized within 30 days, and most of the cohort were non-Hispanic and White. The final test set AUROC performance was between 0.686 to 0.695 for the parametric models and 0.686 to 0.704 for the nonparametric models. In the validation cohort, AUROC performance was between 0.558 to 0.655 for parametric models and 0.606 to 0.608 for nonparametric models. Conclusions and Relevance: In this study, 5 machine learning models were developed and externally validated to predict 30-day readmission AMI hospitalization. These models can be deployed within an EHR using routinely collected data. © 2021 American Medical Association. All rights reserved.",2021
1910,"This paper proposes a two-dimensional (2D) bidirectional long short-term memory generative adversarial network (GAN) to produce synthetic standard 12-lead ECGs corresponding to four types of signals—left ventricular hypertrophy (LVH), left branch bundle block (LBBB), acute myocardial infarction (ACUTMI), and Normal. It uses a fully automatic end-to-end process to generate and verify the synthetic ECGs that does not require any visual inspection. The proposed model is able to produce synthetic standard 12-lead ECG signals with success rates of 98% for LVH, 93% for LBBB, 79% for ACUTMI, and 59% for Normal. Statistical evaluation of the data confirms that the synthetic ECGs are not biased towards or overfitted to the training ECGs, and span a wide range of morphological features. This study demonstrates that it is feasible to use a 2D GAN to produce standard 12-lead ECGs suitable to augment artificially a diverse database of real ECGs, thus providing a possible solution to the demand for extensive ECG datasets. © 2021 Elsevier Inc.",2021
1519,"Coronary Artery Disease Reporting and Data System (CAD-RADS) was created to standardize reporting system for patients undergoing coronary CT angiography (CCTA) and to guide possible next steps in patient management. The goal of this updated 2022 CAD-RADS 2.0 is to improve the initial reporting system for CCTA by considering new technical developments in Cardiac CT, including data from recent clinical trials and new clinical guidelines. The updated CAD-RADS classification will follow an established framework of stenosis, plaque burden, and modifiers, which will include assessment of lesion-specific ischemia using CT fractional-flow-reserve (CT-FFR) or myocardial CT perfusion (CTP), when performed. Similar to the method used in the original CAD-RADS version, the determinant for stenosis severity classification will be the most severe coronary artery luminal stenosis on a per-patient basis, ranging from CAD-RADS 0 (zero) for absence of any plaque or stenosis to CAD-RADS 5 indicating the presence of at least one totally occluded coronary artery. Given the increasing data supporting the prognostic relevance of coronary plaque burden, this document will provide various methods to estimate and report total plaque burden. The addition of P1 to P4 descriptors are used to denote increasing categories of plaque burden. The main goal of CAD-RADS, which should always be interpreted together with the impression found in the report, remains to facilitate communication of test results with referring physicians along with suggestions for subsequent patient management. In addition, CAD-RADS will continue to provide a framework of standardization that may benefit education, research, peer-review, artificial intelligence development, clinical trial design, population health and quality assurance with the ultimate goal of improving patient care. © 2022 American College of Radiology",2022
1844,"Background: Studies have shown that quantitative evaluation of coronary artery plaque on Coronary Computed Tomography Angiography (CCTA) can identify patients at risk of cardiac events. Recent demonstration of artificial intelligence (AI) assisted CCTA shows that it allows for evaluation of CAD and plaque characteristics. Based on publications to date, we are the first group to perform AI augmented CCTA serial analysis of changes in coronary plaque characteristics over 13 years. We evaluated whether AI assisted CCTA can accurately assess changes in coronary plaque progression, which has potential clinical prognostic value in CAD management. Case presentation: 51-year-old male with hypertension, hyperlipidemia and family history of myocardial infarction, underwent CCTA exams for anginal symptom evaluation and CAD assessment. 5 CCTAs were performed between 2008 and 2021. Quantitative atherosclerosis plaque characterization (APC) using an AI platform (Cleerly), was performed to assess CAD burden. Total plaque volume (TPV) change-over-time demonstrated decreasing low-density non-calcified plaque (LD-NCP) with increasing overall NCP and calcified-plaque (CP). Examination of individual segments revealed a proximal-LAD lesion with decreasing NCP over-time and increasing CP. In contrast, although the D2/D1/ramus lesions showed increasing stenosis, CP, and total plaque, there were no significant differences in NCP over-time, with stable NCP and increased CP. Remarkably, we also consistently visualized small plaques, which typically readers may interpret as false positives due to artifacts. But in this case, they reappeared each study in the same locations, generally progressing in size and demonstrating expected plaque transformation over-time. Conclusions: We performed the first AI augmented CCTA based serial analysis of changes in coronary plaque characteristics over 13 years. We were able to consistently assess progression of plaque volumes, stenosis, and APCs with this novel methodology. We found a significant increase in TPV composed of decreasing LD-NCP, and increasing NCP and CP, with variations in the evolution of APCs between vessels. Although the significance of evolving APCs needs to be investigated, this case demonstrates AI-based CCTA analysis can serve as valuable clinical tool to accurately define unique CAD characteristics over time. Prospective trails are needed to assess whether quantification of APCs provides prognostic capabilities to improve clinical care. © 2022, The Author(s).",2022
1854,"Adult mammalian cardiomyocytes have very limited capacity to proliferate and repair the myocardial infarction. However, when apical resection (AR) was performed in pig hearts on postnatal day (P) 1 (ARP1) and acute myocardial infarction (MI) was induced on P28 (MIP28), the animals recovered with no evidence of myocardial scarring or decline in contractile performance. Furthermore, the repair process appeared to be driven by cardiomyocyte proliferation, but the regulatory molecules that govern the ARP1-induced enhancement of myocardial recovery remain unclear. Single-nucleus RNA sequencing (snRNA-seq) data collected from fetal pig hearts and the hearts of pigs that underwent ARP1, MIP28, both ARP1 and MI, or neither myocardial injury were evaluated via autoencoder, cluster analysis, sparse learning, and semisupervised learning. Ten clusters of cardiomyocytes (CM1–CM10) were identified across all experimental groups and time points. CM1 was only observed in ARP1 hearts on P28 and was enriched for the expression of T-box transcription factors 5 and 20 (TBX5 and TBX20, respectively), Erb-B2 receptor tyrosine kinase 4 (ERBB4), and G Protein-Coupled Receptor Kinase 5 (GRK5), as well as genes associated with the proliferation and growth of cardiac muscle. CM1 cardiomyocytes also highly expressed genes for glycolysis while lowly expressed genes for adrenergic signaling, which suggested that CM1 were immature cardiomyocytes. Thus, we have identified a cluster of cardiomyocytes, CM1, in neonatal pig hearts that appeared to be generated in response to AR injury on P1 and may have been primed for activation of CM cell-cycle activation and proliferation by the upregulation of TBX5, TBX20, ERBB4, and GRK5. Copyright © 2022 Nguyen, Wei, Nakada, Zhou and Zhang.",2022
1159,"Optical coherence tomography (OCT) can assess calcium thickness, a key factor for predicting good stent expansion; however, it underestimates coronary calcium severity due to its penetration limitation. This study aimed to evaluate computed tomography (CT) and OCT images to assess calcification. We investigated 25 left anterior descending arteries of 25 patients, using coronary CT and OCT, and assessed their calcification. Of the 25 vessels, 1811 pairs of CT and OCT cross-sectional images were co-registered. Of the 1811 cross-sectional CT images, calcification was not detectable in 256 (14.1%) of the corresponding OCT images due to limited penetration. In the 1555 OCT calcium-detectable images, the maximum calcium thickness was not detectable in 763 (49.1%) images compared to the CT images. In CT images of slices corresponding to undetected calcium in OCT images, the angle, thickness, and maximum density of calcium were significantly smaller compared to slices corresponding to detected calcium in OCT. Calcium with an undetectable maximum thickness in the corresponding OCT image had a significantly greater calcium angle, thickness, and density than calcium with a detectable maximum thickness. There was an excellent correlation between CT and OCT with respect to calcium angle (R= 0.82, P < 0.001). The calcium thickness on the OCT image had a stronger correlation with the maximum density on the corresponding CT image (R = 0.73, P < 0.001) than with the calcium thickness on the CT image (R = 0.61, P < 0.001). Cross-sectional CT imaging allows for pre-procedural assessment of calcium morphology and severity and could complement the lack of information on calcium severity in OCT-guided percutaneous coronary intervention. © 2023, The Author(s), under exclusive licence to Springer Nature B.V.",2023
76,"Introduction: Periprosthetic joint infection (PJI) following total hip arthroplasty (THA) remains a devastating complication for patients and surgeons. Given the implications of these infections and the current paucity of risk calculators utilizing machine learning (ML), this study aimed to develop an ML algorithm that could accurately identify risk factors for developing a PJI following primary THA using a national database. Materials and methods: A total of 51,053 patients who underwent primary THA between 2013 and 2020 were identified using the American College of Surgeons National Surgical Quality Improvement Program (ACS-NSQIP) database. Demographic, preoperative, intraoperative, and immediate postoperative outcomes were collected. Five ML models were created. The receiver operating characteristic curves, the area under the curve (AUC), calibration plots, slopes, intercepts, and Brier scores were evaluated. Results: The histogram-based gradient boosting (HGB) model demonstrated good PJI discriminatory ability with an AUC of 0.88. The test-specific metrics supported the model’s performance and validation in predicting PJI (calibration curve slope: 0.79; intercept: 0.32; Brier score: 0.007). The top five predictors of PJI were the length of stay (> 3 days), patient weight at the time of surgery (> 94.3 kg), an American Society of Anesthesiologists (ASA) class of 4 or higher, preoperative platelet count (< 249,890/mm3), and preoperative sodium (< 139.5 mEq/L). Conclusion: This study developed a highly specific ML model that could predict patient-specific PJI development following primary THA. Considering the feature importance of the top predictors of infection, surgeons should counsel at-risk patients to optimize resource utilization and potentially improve surgical outcomes. © The Author(s), under exclusive licence to Springer-Verlag GmbH Germany, part of Springer Nature 2025.",2025
316,"Background: The atherogenic index of plasma (AIP) is known to be associated with atherosclerotic burden. However, the prognostic value of AIP in patients with severe coronary artery calcification (CAC) undergoing rotational atherectomy (RA) remains unclear. This study aimed to evaluate the relationship between AIP and adverse outcomes in this patient population and to explore relevant risk factors using explainable machine learning methods. Methods: This study included patients with severe CAC who underwent RA between January 2017 and October 2024, with a median follow-up of 40.55 months. Patients were divided into three groups according to baseline AIP tertiles. The primary endpoints were cardiovascular death or all-cause death; secondary endpoints included non-fatal myocardial infarction, target vessel revascularization, and stroke. Cox regression and restricted cubic splines were used to assess the association between AIP and endpoint events. Kaplan–Meier survival analysis and log-rank tests were employed to compare differences between groups. LASSO regression was used for feature selection, and six machine learning algorithms were applied to construct predictive models for cardiac death. Finally, the SHAP method was used to interpret the model. Results: In a cohort of 513 participants (58.28% male), multivariable Cox analysis showed that compared with the lowest AIP tertile, the highest AIP tertile was associated with significantly increased risks of various adverse events: cardiovascular death (HR 2.40, 95% CI 1.40–4.13), all-cause death (HR 1.68, 95% CI 1.13–2.51), non-fatal myocardial infarction (HR 2.27, 95% CI 1.20–4.29), target vessel revascularization (HR 1.74, 95% CI 1.04–2.90), and stroke (HR 1.92, 95% CI 1.00–3.69). Restricted cubic spline analysis indicated a dose–response relationship between AIP and the risk of adverse outcomes. Subgroup analysis suggested that the association between AIP and mortality was stronger in elderly patients, those with cardiac dysfunction, or those with poor glycemic control. Among the six machine learning algorithms, the random forest model demonstrated the best predictive performance for cardiac death (AUC = 0.800). SHAP analysis identified AIP as one of the key features driving the model’s predictions. Kaplan–Meier curves revealed that patients in the high-AIP group had worse long-term clinical outcomes. Conclusion: AIP was independently associated with adverse outcomes in patients with severe CAC undergoing RA. The integration of this low-cost, readily available biomarker into explainable machine learning frameworks offers a promising avenue for enhancing risk prediction models. © The Author(s) 2025.",2026
1040,"Background: Assessment of left ventricular ejection fraction (LVEF) and myocardial deformation with global longitudinal strain (GLS) has shown promise in predicting adverse cardiovascular events. The aim of this study was to evaluate whether artificial intelligence (AI) calculated LVEF and GLS is associated with major adverse cardiac events (MACE) and all-cause mortality in patients presenting with chest pain. Methods: We studied 296 patients presenting with chest pain, who underwent transthoracic echocardiography (TTE). Clinical data, downstream clinical investigations and patient outcomes were collected. Resting TTE images underwent AI contouring for automated calculation of LVEF and GLS with Ultromics EchoGo Core 2.0. Regression analysis was performed to identify clinical and AI calculated parameters associated with MACE and all-cause mortality. Results: During a median follow-up period of 7.8 years (IQR 6.4, 8.8), MACE occurred in 34 (11.5%) patients and all-cause mortality in 60 (20%) patients. AI calculated LVEF (Odds Ratio [OR].96; 95% CI.93–.99 and.96; 95% CI.93–.99) and GLS (1.11; 95% CI 1.01–1.21 and 1.08; 95% CI 1.00–1.16) were independently associated with MACE and all-cause mortality, respectively. According to Cox proportional hazards, a LVEF < 50% was associated with a 3.7 times MACE and 2.8 times all-cause mortality hazard rate compared to those with a LVEF ≥ 50%. Those with a GLS ≥ 15% was associated with a 2.5 times MACE and 2.3 times all-cause mortality hazard rate compared to those with a GLS ≤ 15. Conclusion: AI calculated resting LVEF and GLS is independently associated with MACE and all-cause mortality in high CVD risk patients. These results may have significant clinical implications through improved risk stratification of patients with chest pain, accelerated workflow of labour-intensive technical measures, and reduced healthcare costs. © 2023 The Authors. Echocardiography published by Wiley Periodicals LLC.",2023
1357,"Objective Based on the development of artificial intelligence (AI), an emerging number of methods have achieved outstanding performances in the diagnosis of acute myocardial infarction (AMI) using an electrocardiogram (ECG). However, AI-ECG analysis using a multicenter prospective design for detecting AMI has yet to be conducted. This prospective multicenter observational study aims to validate an AI-ECG model for detecting AMI in patients visiting the emergency department. Methods Approximately 9,000 adult patients with chest pain and/or equivalent symptoms of AMI will be enrolled in 18 emergency medical centers in Korea. The AI-ECG analysis algorithm we developed and validated will be used in this study. The primary endpoint is the diagnosis of AMI on the day of visiting the emergency center, and the secondary endpoint is a 30-day major adverse cardiac event. From March 2022, patient registration has begun at centers approved by the institutional review board. Discussion This is the first prospective study designed to identify the efficacy of an AI-based 12lead ECG analysis algorithm for diagnosing AMI in emergency departments across multiple centers. This study may provide insights into the utility of deep learning in detecting AMI on electrocardiograms in emergency departments. Trial registration ClinicalTrials.gov identifier: NCT05435391. Registered on June 28, 2022. © 2023 The Korean Society of Emergency Medicine.",2023
924,"Heart sound auscultation coupled with machine learning algorithms is a risk-free and low-cost method for coronary artery disease detection (CAD). However, current studies mainly focus on CAD screening, namely classifying CAD and non-CAD, due to limited clinical data and algorithm performance. This leaves a gap to investigate CAD severity by phonocardiogram (PCG). To solve the issue, we first establish a clinical PCG dataset for CAD patients. The dataset includes 150 subjects with 80 severe CAD and 70 non-severe CAD patients. Then, we propose the large kernel convolution interaction network (LKCIN) to detect CAD severity. It integrates automatic feature extraction and pattern classification and simplifies PCG processing steps. The developed large kernel interaction block (LKIB) has three properties: long-distance dependency, local receptive field, and channel interaction, which efficiently improves feature extraction capabilities in LKCIN. Apart from it, a separate downsampling block is proposed to alleviate feature losses during forward propagation, following the LKIBs. Experiment is performed on the clinical PCG data, and LKCIN obtains good classification performance with accuracy 85.97 %, sensitivity 85.64 %, and specificity 86.26 %. Our study breaks conventional CAD screening, and provides a reliable option for CAD severity detection in clinical practice. © 2024 Elsevier Ltd",2025
757,"Background: Prediction of mortality in hospitalized patients is a crucial and important problem. Several severity scoring systems over the past few decades and machine learning models for mortality prediction have been developed to predict in-hospital mortality. Our aim in this study was to apply machine learning (ML) algorithms using QTc interval to predict in-hospital mortality in ACS patients and compare them to the validated conventional risk scores. Results: This study was retrospective, using supervised learning, and data mining. Out of a cohort of 500 patients admitted to a tertiary care hospital from September 2018 to August 2020, who presented with ACS. Prediction models for in-hospital mortality in ACS patients were developed using 3 ML algorithms. We employed the ensemble learning random forest (RF) model, the Naive Bayes (NB) model and the rule-based projective adaptive resonance theory (PART) model. These models were compared to one another and to two conventional validated risk scores; the Global Registry of Acute Coronary Events (GRACE) risk score and Thrombolysis in Myocardial Infarction (TIMI) risk score. Out of the 500 patients included in our study, 164 (32.8%) patients presented with unstable angina, 148 (29.6%) patients with non-ST-elevation myocardial infarction (NSTEMI) and 188 (37.6%) patients were having ST-elevation myocardial infarction (STEMI). 64 (12.8%) patients died in-hospital and the rest survived. Performance of prediction models was measured in an area under the receiver operating characteristic curve (AUC) ranged from 0.83 to 0.93 using all available variables compared to the GRACE score (0.9 SD 0.05) and the TIMI score (0.75 SD 0.02). Using QTc as a stand-alone variable yielded (0.67 SD 0.02) with a cutoff value 450 using Bazett’s formula, whereas using QTc in addition to other variables of personal and clinical data and other ECG variables, the result was 0.8 SD 0.04. Results of RF and NB models were almost the same, but PART model yielded the least results. There was no significant difference of AUC values after replacing the missing values and applying class balancer. Conclusions: The proposed method can effectively predict patients at high risk of in-hospital mortality early in the setting of ACS using only clinical and ECG data. Prolonged QTc interval can be used as a risk predictor of in-hospital mortality in ACS patients. © The Author(s) 2024.",2024
1591,[No abstract available],2023
964,"Background: Wearable fitness trackers generate extensive physiological and activity data, offering potential to monitor health and predict outcomes. Machine learning (ML) techniques applied to these data may enable early identification of adverse health conditions, such as hospitalizations and development of cardiovascular diseases (CVD). This study aimed to evaluate ML models' ability to forecast the incidence of (1) hospitalizations from any cause and (2) of new diagnosis of CVD, including a composite of heart failure (HF), coronary artery disease or myocardial infarction (CAD-MI), cardiomyopathy (CMP), and atrial fibrillation (AF). Method and Results: Data from 14,157 participants in the All of Us study that included both Fitbit and electronic health record (EHR) information were censored on the date preceding events and analyzed using various ML classifiers for extracted feature data. Performance metrics included accuracy, area under the receiver operating characteristic (AUROC) curve, and F1 scores. Our overall study population was young (median age 54 years), with good representation of women (67%). For hospitalizations, a Random Forest classifier achieved the best performance (AUROC=0.95, accuracy=0.99, F1 score=0.92). For the CVD events, the best prediction model was gradient boosting (AUROC=0.80, accuracy=0.71, F1 score=0.15). Conclusion: ML models applied to Fitbit data demonstrate promise in predicting clinical outcomes with strong performance for predicting all-cause hospitalizations and modest performance for predicting incident CVD. Wearable technology could play a role in risk assessment and patient management. © 2025 The Author(s)",2025
1197,"Objective. Myocardial infarction (MI) is a prevalent cardiovascular disease that contributes to global mortality rates. Timely diagnosis and treatment of MI are crucial in reducing its fatality rate. Currently, electrocardiography (ECG) serves as the primary tool for clinical diagnosis. However, detecting MI accurately through ECG remains challenging due to the complex and subtle pathological ECG changes it causes. To enhance the accuracy of ECG in detecting MI, a more thorough exploration of ECG signals is necessary to extract significant features. Approach. In this paper, we propose an interpretable shapelet-based approach for MI detection using dynamic learning and deep learning. Firstly, the intrinsic dynamics of ECG signals are learned through dynamic learning. Then, a deep neural network is utilized to extract and select shapelets from ECG dynamics, which can capture locally specific ECG changes, and serve as discriminative features for identifying MI patients. Finally, the ensemble model for MI detection is built by integrating shapelets of multi-dimensional ECG dynamic signals. Main results. The performance of the proposed method is evaluated on the public PTB dataset with accuracy, sensitivity, and specificity of 94.11%, 94.97%, and 90.98%. Significance. The shapelets obtained in this study exhibit significant morphological differences between MI and healthy subjects. © 2024 Institute of Physics and Engineering in Medicine.",2024
1087,"This paper proposes a phase-to-depth deep learning model to repair shadow-induced errors for fringe projection profilometry (FPP). The model comprises two hourglass branches that extract information from texture images and phase maps and fuses the information from the two branches by concatenation and weights. The input of the proposed model contains texture images, masks, and unwrapped phase maps, and the ground truth is the depth map from CAD models. A loss function was chosen to consider image details and structural similarity. The training data contain 1200 samples in the verified virtual FPP system. After training, we conduct experiments on the virtual and real-world scanning data, and the results support the model’s effectiveness. The mean absolute error and the root mean squared error are (Formula presented.) mm and (Formula presented.) mm on the validation dataset. In addition, we analyze the influence of ambient light intensity on the model’s performance. Low ambient light limits the model’s performance as the model cannot extract valid information from the completely dark shadow regions in texture images. The contribution of each branch network is also investigated. Features from the texture-dominant branch are leveraged as guidance to remedy shadow-induced errors. Information from the phase-dominant branch network makes accurate predictions for the whole object. Our model provides a good reference for repairing shadow-induced errors in the FPP system. © 2023 by the authors.",2023
678,"Objective: This study aims to investigate the impact of adaptive statistical iterative reconstruction-Veo (ASIR-V) and deep learning image reconstruction (DLIR) algorithms on the quantification of pericoronary adipose tissue (PCAT) and epicardial adipose tissue (EAT). Furthermore, we propose to explore the feasibility of correcting the effects through fat threshold adjustment. Methods: A retrospective analysis was conducted on the imaging data of 134 patients who underwent coronary CT angiography (CCTA) between December 2023 and January 2024. These data were reconstructed into seven datasets using filtered back projection (FBP), ASIR-V at three different intensities (ASIR-V 30%, ASIR-V 50%, ASIR-V 70%), and DLIR at three different intensities (DLIR-L, DLIR-M, DLIR-H). Repeated-measures ANOVA was used to compare differences in fat, PCAT and EAT attenuation values among the reconstruction algorithms, and Bland-Altman plots were used to analyze the agreement between ASIR-V or DLIR and FBP algorithms in PCAT attenuation values. Results: Compared to FBP, ASIR-V 30 %, ASIR-V 50 %, ASIR-V 70 %, DLIR-L, DLIR-M, and DLIR-H significantly increased fat attenuation values (−103.91 ± 12.99 HU, −102.53 ± 12.68 HU, −101.14 ± 12.78 HU, −101.81 ± 12.41 HU, −100.87 ± 12.25 HU, −99.08 ± 12.00 HU vs. −105.95 ± 13.01 HU, all p < 0.001). When the fat threshold was set at −190 to −30 HU, ASIR-V and DLIR algorithms significantly increased PCAT and EAT attenuation values compared to FBP algorithm (all p < 0.05), with these values increasing as the reconstruction intensity level increased. After correction with a fat threshold of −200 to −35 HU for ASIR-V 30 %, −200 to −40 HU for ASIR-V 50 % and DLIR-L, and −200 to −45 HU for ASIR-V 70 %, DLIR-M, and DLIR-H, the mean differences in PCAT attenuation values between ASIR-V or DLIR and FBP algorithms decreased (−0.03 to 1.68 HU vs. 2.35 to 8.69 HU), and no significant difference was found in PCAT attenuation values between FBP and ASIR-V 30 %, ASIR-V 50 %, ASIR-V 70 %, DLIR-L, and DLIR-M (all p > 0.05). Conclusion: Compared to the FBP algorithm, ASIR-V and DLIR algorithms increase PCAT and EAT attenuation values. Adjusting the fat threshold can mitigate the impact of ASIR-V and DLIR algorithms on PCAT attenuation values. © 2025 Elsevier B.V.",2025
371,"Background: Digitalization and big health system data open new avenues for targeted prevention and treatment strategies. We aimed to develop and validate prediction models for stroke and myocardial infarction (MI) in patients with type 2 diabetes based on routinely collected high-dimensional health insurance claims and compared predictive performance of traditional regression with state-of-the-art machine learning including deep learning methods. Methods: We used German health insurance claims from 2014 to 2019 with 287 potentially relevant literature-derived variables to predict 3-year risk of MI and stroke. Following a train-test split approach, we compared the performance of logistic methods with and without forward selection, LASSO-regularization, random forests (RF), gradient boosting (GB), multi-layer-perceptrons (MLP) and feature-tokenizer transformers (FTT). We assessed discrimination (Areas Under the Precision-Recall and Receiver-Operator Curves, AUPRC and AUROC) and calibration. Results: Among n = 371,006 patients with type 2 diabetes (mean age: 67.2 years), 3.5% (n = 13,030) had MIs and 3.4% (n = 12,701) strokes. AUPRCs were 0.035 (MI) and 0.034 (stroke) for a null model, between 0.082 (MLP) and 0.092 (GB) for MI, and between 0.061 (MLP) and 0.073 (GB) for stoke. AUROCs were 0.5 for null models, between 0.70 (RF, MLP, FTT) and 0.71 (all other models) for MI, and between 0.66 (MLP) and 0.69 (GB) for stroke. All models were well calibrated. Conclusions: Discrimination performance of claims-based models reached a ceiling at around 0.09 AUPRC and 0.7 AUROC. While for AUROC this performance was comparable to existing epidemiological models incorporating clinical information, comparison of other, potentially more relevant metrics, such as AUPRC, sensitivity and Positive Predictive Value was hampered by lack of reporting in the literature. The fact that machine learning including deep learning methods did not outperform more traditional approaches may suggest that feature richness and complexity were exploited before the choice of algorithm could become critical to maximize performance. Future research might focus on the impact of different feature derivation approaches on performance ceilings. In the absence of other more powerful screening alternatives, applying transparent regression-based models in routine claims, though certainly imperfect, remains a promising scalable low-cost approach for population-based cardiovascular risk prediction and stratification. © The Author(s) 2025.",2025
1487,"Purpose: This study aimed to investigate the risk factors of prognosis and hemorrhagic transformation after mechanical thrombectomy (MT) in patients with posterior circulation acute ischemic stroke (PC-AIS) caused by large vessel occlusion. We sought to develop a nomogram for predicting the risk of poor prognosis and symptomatic intracerebral hemorrhage (sICH) in patients with PC-AIS. Methods: A retrospective analysis was conducted on 81 patients with PC-AIS who underwent MT treatment. We collected clinical information from the patients to assessed sICH and prognosis based on CT results and National Institutes of Health Stroke Scale (NIHSS) scores. Subsequently, they were followed up for 3 months, and their prognosis was assessed using the Modified Rankin Scale. We used the least absolute shrinkage and selection operator (LASSO) and multivariate logistic regression to determine the factors affecting prognosis to construct a nomogram. The nomogram’s performance was assessed through receiver operating characteristic curves, calibration curves, decision curve analysis, and clinical impact curves. Results: Among the 81 patients with PC-AIS, 33 had a good prognosis, 48 had a poor prognosis, 19 presented with sICH, and 62 did not present with sICH. The results of the LASSO regression indicated that variables, including HPT, baseline NIHSS score, peak SBP, SBP CV, SBP SD, peak SBP, DBP CV, HbA1c, and BG SD, were predictors of patient prognosis. Variables such as AF, peak SBP, and peak DBP predicted the risk of sICH. Multivariate logistic regression revealed that baseline NIHSS score (OR = 1.115, 95% CI 1.002–1.184), peak SBP (OR = 1.060, 95% CI 1.012–1.111), SBP CV (OR = 1.296, 95% CI 1.036–1.621) and HbA1c (OR = 3.139, 95% CI 1.491–6.609) were independent risk factors for prognosis. AF (OR = 6.823, 95% CI 1.606–28.993), peak SBP (OR = 1.058, 95% CI 1.013–1.105), and peak DBP (OR = 1.160, 95% CI 1.036–1.298) were associated with the risk of sICH. In the following step, nomograms were developed, demonstrating good discrimination, calibration, and clinical applicability. Conclusion: We constructed nomograms to predict poor prognosis and risk of sICH in patients with PC-AIS undergoing MT. The model exhibited good discrimination, calibration, and clinical applicability. Copyright © 2024 Li, Zhang, Li, Li, Wu and Wang.",2024
1157,[No abstract available],2023
1978,"Background: Globally, most deaths result from cardiovascular diseases, particularly ischemic heart disease. COVID-19 affects the heart, worsening existing heart conditions and causing myocardial injury. The mechanistic link between COVID-19 and acute myocardial infarction (AMI) is still being investigated to elucidate the underlying molecular perspectives. Methods: Genetic risk assessment was conducted using two-sample Mendelian randomization (TSMR) to determine the causality between COVID-19 and AMI. Weighted gene co-expression network analysis (WGCNA) and machine learning were used to discover and validate shared hub genes for the two diseases using bulk RNA sequencing (RNA-seq) datasets. Additionally, gene set enrichment analysis (GSEA) and single-cell RNA-seq (scRNA-seq) analyses were performed to characterize immune cell infiltration, communication, and immune correlation of the hub genes. To validate the findings, the expression patterns of hub genes were confirmed in clinical blood samples collected from COVID-19 patients with AMI. Results: TSMR did not find evidence supporting a causal association between COVID-19 or severe COVID-19 and AMI. In the bulk RNA-seq discovery cohorts for both COVID-19 and AMI, WGCNA’s intersection analysis and machine learning identified TLR4 and ABCA1 as significant hub genes, demonstrating high diagnostic and predictive value in the RNA-seq validation cohort. Single-gene GSEA and single-sample GSEA (ssGSEA) revealed immune and inflammatory roles for TLR4 and ABCA1, linked to various immune cell infiltrations. Furthermore, scRNA-seq analysis unveiled significant immune dysregulation in COVID-19 patients, characterized by altered immune cell proportions, phenotypic shifts, enhanced cell-cell communication, and elevated TLR4 and ABCA1 in CD16 monocytes. Lastly, the increased expression of TLR4, but not ABCA1, was validated in clinical blood samples from COVID-19 patients with AMI. Conclusion: No genetic causal link between COVID-19 and AMI and dysregulated TLR4 and ABCA1 may be responsible for the development of immune and inflammatory responses in COVID-19 patients with AMI. Copyright © 2023 Zheng, Zhou, Song, Ying and Tan.",2023
1001,"Background: There is limited real-world data of lipid control and healthcare costs among patients with and without Atherosclerotic Cardiovascular Disease (ASCVD) in Latin America. Methods: A retrospective cohort study including patients with LDL-cholesterol (LDL-C) assessment from 2015 to 2017 was performed in a health insurance database. Patient characteristics, comorbidities and laboratory data were collected, and International Classification of Diseases (ICD) codes were used to identify a subcohort of patients with ASCVD (secondary prevention) and assess the proportion of these patients with LDL-C controlled. Lipid control among patients without ASCVD (primary prevention) and healthcare costs in one year in the overall population were also assessed. Results: From the 17,434 patients selected, 5,208 (29.8%) had ASCVD. The mean age of these patients in secondary prevention was 68.9 (±12.3) years and 47.8% were male patients. LDL-C < 70 mg/dL was identified in 19.1% of the ASCVD population and only 4.1% had an LDL-C < 50 mg/dL. LDL control was worse in women compared to men (13.1% vs. 25.7%; P < 0.01). The average cost in one year was 3,591 American dollars (USD) per patient in primary prevention compared to 8,210 dollars per year for patients in secondary prevention (P < 0.01). While outpatient costs accounted for 59.8% of the total cost in the primary prevention group, the main cost of the secondary prevention population was related to hospital costs (54.1%). Conclusion: Despite the favorable evidence for intensive cholesterol reduction, the evaluation of large real-world database with more than 17,000 individuals showed that the targets of guideline recommendations have not yet been adequately incorporated into clinical practice. Average annual cost per patient in secondary prevention is more than twice compared to primary prevention. Hospital expenses account for most of the cost in the secondary prevention group, while outpatient costs predominate in primary prevention. © 2024 Ubiquity Press. All rights reserved.",2024
30,"Background: Coronary artery disease (CAD) is recognized as an inflammatory condition and remains a leading cause of morbidity and mortality worldwide. Cardiovascular disease (CVD), more broadly, is a major contributor to global death and disability. This study aimed to compare the diagnostic performance of various noninvasive techniques for detecting CAD. Methods: A cross-sectional study was conducted involving 758 participants, including 508 patients diagnosed with CAD and 250 without the disease. The diagnostic performance of two machine learning models—artificial neural networks (ANNs) and support vector machines (SVMs)—was evaluated. The classification models were assessed using receiver operating characteristic (ROC) curves, sensitivity, specificity, and overall accuracy. Results: The study included a total of 758 participants. Among them, 250 individuals (33.6% male and 66.4% female) were diagnosed as non-CAD cases, while 508 participants (64% male, 36% female) were identified as having CAD. The area under the ROC curve (AUC) for CAD prediction was 0.752 (95% CI: 0.682–0.823) using the ANN model and 0.793 (95% CI: 0.733–0.853) using the SVM model. A statistically significant difference was observed between the performance of the two models in predicting CAD (p = 0.03), with the SVM model demonstrating superior predictive performance (AUC = 0.793, 95% CI: 0.733–0.853). Conclusions: SVMs demonstrated superior performance compared to ANNs in predicting the risk of CAD using simple clinical predictors. Copyright © 2026 Sahar Shariatnia et al. Cardiology Research and Practice published by John Wiley & Sons Ltd.",2026
49,"Objective: – To evaluate the impact of Super-Resolution Deep Learning Reconstruction (SR-DLR) (Canon Medical Systems Corporation) on image quality and myocardial hemodynamic parameters in dynamic myocardial computed tomography (CT) perfusion compared with filtered-back projection (FBP), hybrid iterative reconstruction (IR), and normal-resolution deep learning reconstruction (NR-DLR). Methods: – This prospective single-center study included 25 patients (mean age ± SD, 65 ± 10; 21 men) who underwent dynamic myocardial CT perfusion. For qualitative analysis, image noise, signal-to-noise ratio (SNR), and contrast-to-noise ratio (CNR) were assessed, while qualitative analysis included overall image quality and lesion visibility. Myocardial blood flow (MBF) at rest and stress, as well as coronary flow reserve (CFR) were analyzed. Image quality and hemodynamic parameters were compared across 4 reconstruction methods. Results: – SR-DLR achieved the lowest image noise (20.33 ± 2.45 HU), significantly lower than FBP (145.20 ± 74.81 HU), hybrid IR (47.19 ± 10.02 HU), and NR-DLR (22.92 ± 2.63 HU) (P < 0.001). In rest imaging, SR-DLR showed significantly higher SNR (6.71 ± 1.88) and CNR (15.41 ± 5.48) compared with other reconstruction methods (P < 0.001). Similar improvements were observed in stress imaging, with SR-DLR providing significantly enhanced SNR and CNR compared with all other methods. The mean CFR was 2.75 ± 1.88 for SR-DLR, 2.75 ± 1.99 for NR-DLR, 2.74 ± 2.44 for hybrid IR, and 2.56 ± 3.17 for FBP, with no statistically significant differences observed in any pairwise comparisons. Qualitative analysis showed that SR-DLR achieved the highest overall image quality and lesion visibility, significantly outperforming FBP and comparable to hybrid IR and NR-DLR. Conclusions: – SR-DLR and NR-DLR significantly enhanced image quality by reducing noise and improving SNR and CNR while maintaining hemodynamic quantification. Copyright © 2026 Wolters Kluwer Health, Inc. All rights reserved.",2026
240,"Purpose: Accurate assessment of coronary plaque burden is essential for risk stratification in coronary artery disease (CAD). The Coronary Artery Disease – Reporting and Data System (CAD-RADS) 2.0 classification incorporates P-scores derived from coronary artery calcium (CAC) and segment involvement scores (SIS) to semi-quantitatively characterize plaque burden. However, limited data exist on the concordance and clinical implications of these two plaque characteristics. Methods: We retrospectively analyzed 461 coronary CT angiography (CCTA) studies using a commercial AI-based quantitative CT (AI-QCT) plaque analysis platform (CLEERLY). CAC scores were extracted using prompt-based natural language processing, and SIS were determined by AI quantification. Unilateral P-scores for CAC (PCAC) and SIS (PSIS) were calculated according to CAD-RADS 2.0 thresholds. Agreement between PCAC and PSIS was assessed using Cohen’s kappa, Wilcoxon signed-rank test, and McNemar’s test. Subgroup analyses evaluated distribution of P-score categories, sex and age in CAC = 0 patients, and the impact of symptom status using Wilcoxon rank-sum, chi-square, Fisher’s exact test, and ordinal logistic regression. Results: The median patient age was 67 years, and 38.7% were female. CAC and SIS produced concordant P-scores in 23% of cases, with discordance in 77%. SIS determined the final P-score in 75.5% and CAC in only 1.5%. Cohen’s kappa indicated modest agreement (κ = 0.40, p < 0.01), while Wilcoxon signed-rank and McNemar’s tests revealed significant discordance, with SIS tending to assign higher P-score categories (p < 0.01). Among patients with CAC = 0 (n = 97; median age 62; 65% female), 95% had non-calcified plaque by AI-QCT, and only 4 had both CAC and SIS of zero. P-score, PCAC, and PSIS distributions did not differ significantly by symptom status (all p > 0.05), although a significant difference was detected for PSIS on chi-square and Fisher’s exact tests but not by ordinal regression or Wilcoxon rank-sum. Further analysis demonstrated that discordance was most prominent in higher P-score categories and was primarily driven by non-calcified plaque. Conclusion: Our study demonstrates frequent discordance between CAC and SIS in CAD-RADS 2.0 plaque burden classification, particularly due to the detection of non-calcified plaque by SIS. Reliance on either CAC or SIS alone may result in risk misclassification, especially for patients with CAC = 0, the majority of whom had non-calcified plaque by AI-QCT. These findings highlight the need for standardized criteria and integration of both measures in automated plaque quantification to improve cardiovascular risk assessment, especially in discordant populations. © The Author(s) 2025.",2026
309,"Background and Aims: Identification of patients with acute coronary syndrome requiring coronary revascularization can be challenging due to inconclusive electrocardiogram (ECG) findings or biomarker results. A deep learning model to detect ECG patterns associated with revascularization likelihood was developed, aiming to guide further assessment and reduce diagnostic uncertainty. Methods: A convolutional neural network model was trained on 144 691 ED visits from a US cohort (60 ± 19 years; 53% female; 0.6% revascularization), tested on a separate test cohort (n = 35 995), and benchmarked against clinician ECG interpretation and cardiac troponin T (TnT). External validation was performed for the outcomes revascularization and Type 1 myocardial infarction (MI) on 18 673 ED visits from Europe (55 ± 21 years; 49% female; 1.5% revascularization; 1% Type 1 MI). Primary performance metric was area under the receiver operating characteristic curve (AUROC). Results: In the test cohort, the model achieved an AUROC of 0.91 (95% confidence interval [CI] 0.91–0.91), outperforming clinician ECG interpretation (AUROC 0.65, 95% CI 0.54–0.76) and conventional cardiac TnT (AUROC 0.71). In the external validation cohort, ECG model AUROC was 0.81 (95% CI 0.81–0.82) for revascularization, and 0.85 (95% CI 0.84–0.85) for Type 1 MI, compared with 0.70 (95% CI 0.57–0.83) and 0.74 (95% CI 0.56–0.92) for clinician interpretation, and 0.85 and 0.87 for high-sensitivity (hs)-TnT, respectively. The ECG model had higher specificity but lower sensitivity compared with high-sensitivity-troponin T. Conclusions: The model was able to detect revascularization and Type 1 MI with competitive performance, suggesting a potential role to complement current clinical assessment. © The Author(s) 2025. Published by Oxford University Press on behalf of the European Society of Cardiology. All rights reserved. For commercial re-use, please contact reprints@oup.com for reprints and translation rights for reprints. All other permissions can be obtained through our RightsLink service via the Permissions link on the article page on our site—for further information please contact journals.permissions@oup.com. This article is published and distributed under the terms of the Oxford University Press, Standard Journals Publication Model (https://academic.oup.com/pages/standard-publication-reuse-rights)",2026
353,"Study Objectives: The rich information in sleep offers insights into brain function and overall health. The current guidelines for sleep staging by the American Academy of Sleep Medicine rely on relatively broad categorizations. These traditional sleep stages are not optimized to reflect health status. Here, we propose health-oriented sleep states to better associate with pre-existing health conditions. Methods: This observational retrospective cohort study involved 8673 participants from the Massachusetts General Hospital sleep laboratory. We examined seven pre-existing conditions: mild cognitive impairment, ischemic stroke, atrial fibrillation, myocardial infarction, type 2 diabetes, hypertension, and depression. We clustered a sleep staging model’s hidden layer within each stage, where clusters represent sleep states. The number of sleep states was selected to maximize the average association with the health conditions, using the average area under the receiver operating characteristic curve across outcomes based on time spent in these states. We also assessed the area under the precision-recall curve. Results: We identified three states within N3, 14 in N2, 6 in N1, 3 in R, and 9 in W. Average area under the receiver operating characteristic curve ranged from 0.608 to 0.723 across the seven outcomes, and area under the precision-recall curve from 0.064 to 0.524. Among these outcomes, mild cognitive impairment/dementia, atrial fibrillation, myocardial infarction, and hypertension demonstrated significantly stronger associations with the health conditions compared to conventional American Academy of Sleep Medicine sleep stages. Conclusions: Novel sleep states are linked to health conditions. A better understanding of the physiology behind these sleep states may further enhance the concept of using sleep as a window into overall health. © The Author(s) 2025. Published by Oxford University Press on behalf of Sleep Research Society. All rights reserved.",2026
124,"Background: Understanding the pathophysiology of unstable atherosclerosis is imperative to prevent myocardial infarction and stroke. Here, we used multi-omics integration to identify key molecular targets with diagnostic and therapeutic potential. Methods: Biobank of Karolinska Endarterectomies encompassing patients with symptomatic (S) and asymptomatic (AS) carotid atherosclerosis was the main resource. Plaques, peripheral blood monocytes and plasma sampled locally from around plaque or periphery of n > 700 individuals, were profiled by transcriptomics, proteomics and metabolomics. A supervised machine learning method DIABLO was used for patient data integration. Multi-omics layers were integrated separately across local and peripheral disease sites, and their intersection, with stratification for symptomatology. Identified analytes were investigated using scRNAseq, clinical and outcome data. Results: In peripheral circulation, FABP4, IL6, Bilirubin and Sphingomyelin were the most prominent analytes. F11, ANGPTL3, ICOSLG, ITGB1 and Sphingomyelin were enriched in the local disease site, while FABP4, C1R, IL6, Bilirubin and Sphingomyelin appeared at the intersection. Coagulation, necroptosis, inflammation and cholesterol metabolism were confirmed as key pathways determining symptomatology. Clinical analyses showed an impact of lipid-lowering therapy on ICOSLG expression, anti-hypertensives on plasma FABP4 and BLVRB levels, anti-diabetics on plasma Sphingomyelins, while no medications affected ANGPTL3. Association with future adverse events was shown for plasma Bilirubin, Sphingomyelin, ANGPTL3 and ICOSLG plaque levels. Open-source target analyses suggested genetic involvement of F11, C1S, EGFR, IL6, ANGPTL3 in the disease. Conclusions: Using an innovative, multi-modal data integration machine learning framework, this study provides confirmatory and novel information on mechanisms behind atherosclerotic instability. The findings raise possibilities for translational prioritizations to aid personalized medicine. © The Author(s) 2026.",2026
381,[No abstract available],2026
1022,"Rationale and Objectives: Our objective was to compare the image quality of coronary CT angiography reconstructed with super-resolution deep learning reconstruction (SR-DLR) and with hybrid iterative reconstruction (IR) images. Materials and Methods: This retrospective study included 100 patients who underwent coronary CT angiography using a 320-detector-row CT scanner. The CT images were reconstructed with hybrid IR and SR-DLR. The standard deviation of the CT number was recorded and the CT attenuation profile across the left main coronary artery was generated to calculate the contrast-to-noise ratio (CNR) and measure the edge rise slope (ERS). Overall image quality was evaluated and plaque detectability was assessed on a 4-point scale (1 = poor, 4 = excellent). For reference, invasive coronary angiography of 14 patients was used. Results: The mean image noise on SR-DLR was significantly lower than on hybrid IR images (15.6 vs 22.9 HU; p < 0.01). The mean CNR was significantly higher and the ERS was steeper on SR-DLR- compared to hybrid IR images (CNR: 32.4 vs 20.4, p < 0.01; ERS: 300.0 vs 198.2 HU/mm, p < 0.01). The image quality score was better on SR-DLR- than on hybrid IR images (3.6 vs 3.1; p < 0.01). SR-DLR increased the detectability of plaques with < 50% stenosis (p < 0.01). Conclusion: SR-DLR was superior to hybrid IR with respect to the image noise, the sharpness of coronary artery margins, and plaque detectability. © 2023 The Association of University Radiologists",2023
70,"Background Ruling out myocardial infarction (MI) in patients with an initial indeterminate (detectable to mildly elevated) troponin measure is challenging. Myocardial-Ischaemic-Injury Index (MI 3) is a machine-learning algorithm designed to diagnose MI, but its utility in patients with indeterminate troponins is unclear. This study seeks to evaluate its diagnostic performance in patients with an initial indeterminate troponin. Methods We conducted a secondary analysis of a cohort (Cardiovascular Magnetic Resonance-Invasive-based Strategies in Patients with Chest Pain and Detectable to Mildly Elevated Serum Troponin) of adult patients with symptoms suggestive of acute coronary syndrome and an initial clinical contemporary troponin of 0.006-1.0 ng/mL across four US hospitals. Patients with initial and 3-hour high-sensitivity cardiac troponin I (Abbott Laboratories) measures were classified by MI 3 into low-risk, intermediate-risk and high-risk groups. The primary outcome was adjudicated MI at 30 days. The sensitivity, specificity and negative likelihood ratio (-LR) of MI 3 for MI at 30 days were calculated and reported with 95% CIs. A receiver operator characteristics curve for MI at 30 days was created and area under the curve (AUC) for MI 3 was calculated. Results Among 207 patients, 34.3% (71/207) were female with a mean age of 61±11 years. MI at 30 days occurred in 43.5% (90/207). The AUC for MI 3 for the detection of MI at 30 days was 0.882 (95% CI 0.833 to 0.932). MI 3 classified 34.8% (72/207) of patients as low-risk, of which 8.3% (6/72) had MI at 30 days, yielding a sensitivity of 93.3% (95% CI 86.1 to 97.5%) and -LR of 0.12 (95% CI 0.05 to 0.26). Among the 47.3% (98/207) classified as intermediate-risk, MI at 30 days occurred in 48.0% (47/98). MI 3 classified 17.9% (37/207) as high-risk, among which 100% (37/37) had MI at 30 days, yielding a specificity of 100% (95% CI 96.9% to 100%). Conclusions Among emergency department patients with an initial indeterminate troponin measure, the MI 3 machine-learning algorithm had high AUC and specificity for 30-day MI.  © 2026 BMJ Publishing Group. All rights reserved.",2026
1125,"BACKGROUND: Coronary heart disease (CHD) is one of the deadliest diseases and a risk prediction model for cardiovascular conditions is needed. Due to the huge number of features that lead to heart problems, it is often difficult for an expert to evaluate these huge features into account. So, there is a need of appropriate feature selection for the given CHD dataset. For early CHD detection, deep learning modes (DL) show promising results in the existing studies. OBJECTIVE: This study aimed to develop a deep convolution neural network (CNN) model for classification with a selected number of efficient features using the LASSO (least absolute shrinkage and selection operator) technique. Also, aims to compare the model with similar studies and analyze the performance of the proposed model using accuracy measures. METHODS: The CHD dataset of NHANES (National Health and Nutritional Examination Survey) was examined with 49 features using LASSO technique. This research work is an attempt to apply an improved CNN model for the classification of the CHD dataset with huge features CNN model with feature extractor consists of a fully connected layer with two convolution 1D layers, and classifier part consists of two fully connected layers with SoftMax function was trained on this dataset. Metrics like accuracy recall, specificity, and ROC were used for the evaluation of the proposed model. RESULTS: The feature selection was performed by applying the LASSO model. The proposed CNN model achieved 99.36% accuracy, while previous studies model achieved over 80 to 92% accuracy. CONCLUSION: The application of the proposed CNN with the LASSO model for the classification of CHD can speed up the diagnosis of CHD and appears to be effective in predicting cardiovascular disease based on risk features. © 2024 - IOS Press. All rights reserved.",2024
704,"BACKGROUND: Despite a proposed causal role for LDL-C (low-density lipoprotein cholesterol) in aortic stenosis (AS), randomized controlled trials of lipid-lowering therapy failed to prevent severe AS. We aimed to assess the impact on AS and peak velocity across the aortic valve conferred by lifelong alterations in LDL-C levels mediated by protein-disrupting variants in 3 clinically significant genes for LDL (low-density lipoprotein) metabolism (LDLR, APOB, and PCSK9). METHODS: We used sequencing data and electronic health records from UK Biobank (UKB) and All of Us and magnetic resonance imaging data from UKB. We identified predicted protein-disrupting variants with the Loss Of Function Transcript Effect Estimator (LOFTEE) and AlphaMissense algorithms and evaluated their associations with LDL-C and peak velocity across the aortic valve (UK Biobank), as well as diagnosed AS and aortic valve replacement (UK Biobank and All of Us). RESULTS: We included 421 049 unrelated participants (5621 with AS) in UKB and 195 519 unrelated participants (1087 with AS) in All of Us. Carriers of protein-disrupting variants in LDLR had higher mean LDL-C (UKB: +42.6 mg/dL; P=4.4e-237) and greater risk of AS (meta-analysis: odds ratio, 3.52 [95% CI, 2.39-5.20]; P=2.3e-10) and aortic valve replacement (meta-analysis: odds ratio, 3.78 [95% CI, 2.26-6.32]; P=4.0e-7). Carriers of protein-disrupting variants in APOB or PCSK9 had lower mean LDL-C (UKB: -32.3 mg/dL; P<5e-324) and lower risk of AS (meta-analysis: odds ratio, 0.49 [95% CI, 0.31-0.75]; P=0.001) and aortic valve replacement (meta-analysis: odds ratio, 0.54 [95% CI, 0.30-0.97]; P=0.04). Among 57 371 UKB imaging substudy participants, peak velocities across the aortic valve were greater in carriers of protein-disrupting variants in LDLR (+12.2 cm/s; P=1.6e-5) and lower in carriers of protein-disrupting variants in PCSK9 (-6.9 cm/s; P=0.022). CONCLUSIONS: Rare genetic variants that confer lifelong higher or lower LDL-C levels are associated with substantially increased and decreased risk of AS, respectively. Early and sustained lipid-lowering therapy may slow or prevent AS development.  © 2024 American Heart Association, Inc.",2024
941,"Background and aims: The significance of left ventricular mass and chamber volumes from non-contrast computed tomography (CT) for predicting major adverse cardiovascular events (MACE) has not been studied. Our objective was to evaluate the role of artificial intelligence-enabled multi-chamber cardiac volumetry from non-contrast CT for long-term risk stratification in asymptomatic subjects without known coronary artery disease. Methods: Our study included 2022 asymptomatic individuals (55.6 ± 9.0 years; 59.2 % male) from the EISNER (Early Identification of Subclinical Atherosclerosis by Noninvasive Imaging Research) trial. Multi-chamber cardiac volumetry was performed using deep-learning algorithms from routine non-contrast CT scans for coronary artery calcium scoring. MACE was defined as cardiac death, acute coronary syndrome, and late (>180 days) revascularization. Results: A total of 215 individuals (11 %) suffered MACE at a mean follow-up of 13.9 ± 3 years. Individuals with MACE had higher left ventricular mass (115.1g vs. 105.2g, p < 0.001). In a multivariable analysis adjusted for cardiovascular risk factors and medications, left ventricular mass (HR 2.76, p<0.001) and coronary artery calcium score (HR 1.34, p<0.001) were independent predictors of long-term MACE. Adding left ventricular mass to the coronary calcium score improved the Receiver Operating Characteristic Area Under the Curve (AUC 0.753 vs 0.767, p=0.031) with continuous net reclassification index of 18 % (p=0.011). Left ventricular mass (HR 3.89, p<0.001), but not the coronary artery calcium score predicted cardiovascular death. Conclusions: Left ventricular mass quantified automatically by AI from routine non-contrast CT independently predicted long-term MACE over and above the coronary calcium score in asymptomatic participants without known coronary artery disease. © 2024 Elsevier B.V.",2025
988,"The coronary angiography-derived fractional flow reserve (FFR) curve, referred to as the Angio-FFR curve, is crucial for guiding percutaneous coronary intervention (PCI). The invasive FFR is the diagnostic gold standard for determining functional significance and is recommended to complement coronary angiography. The invasive FFR curve can quantitatively define disease patterns. The Angio-FFR curve further overcomes the limitation of invasive FFR measurement and thus emerges as a promising approach. However, the Angio-FFR curve computation suffers from a lack of satisfactory trade-off between accuracy and efficiency. In this paper, we propose a bi-variational physics-informed neural operator (BVPINO) for FFR curve assessment from coronary angiography. Our BVPINO combines with the variational mechanism to guide the basis function learning and residual evaluation. Extensive experiments involving coronary angiographies of 215 vessels from 184 subjects demonstrate the optimal balance of BVPINO between effectiveness and efficiency, compared with computational-based models and other machine/deep learning-based models. The results also provide high agreement and correlation between the distal FFR predictions of BVPINO and the invasive FFR measurements. Besides, we discuss the Angio-FFR curve assessment for a novel gradient-based index. A series of case studies demonstrate the effectiveness and superiority of BVPINO for predicting the FFR curve along the coronary artery centerline. © 2025 Elsevier B.V.",2025
570,"Background: Diabetic retinopathy, hypertensive retinopathy, glaucoma, and contrast-related eye diseases are well-recognized conditions resulting from high blood pressure, rising blood glucose, and elevated eye pressure. Later-stage symptoms usually include patches of cotton wool, restricted veins in the optic nerve, and buildup of blood in the optic nerve. Severe consequences include damage of the visual nerve, and retinal artery obstruction, and possible blindness may result from these conditions. An early illness diagnosis is made easier by the use of deep learning models and artificial intelligence (AI). Objectives: This study introduces a novel methodology called CAD-EYE for classifying diabetic retinopathy, hypertensive retinopathy, glaucoma, and contrast-related eye issues. Methods: The proposed system combines the features extracted using two deep learning (DL) models (MobileNet and EfficientNet) using feature fusion to increase the diagnostic system efficiency. The system uses fluorescence imaging for increasing accuracy as an image processing algorithm. The algorithm is added to increase the interpretability and explainability of the CAD-EYE system. This algorithm was not used in such an application in the previous literature to the best of the authors’ knowledge. The study utilizes datasets sourced from reputable internet platforms to train the proposed system. Results: The system was trained on 65,871 fundus images from the collected datasets, achieving a 98% classification accuracy. A comparative analysis demonstrates that CAD-EYE surpasses cutting-edge models such as ResNet, GoogLeNet, VGGNet, InceptionV3, and Xception in terms of classification accuracy. A state-of-the-art comparison shows the superior performance of the model against previous work in the literature. Conclusions: These findings support the usefulness of CAD-EYE as a diagnosis tool that can help medical professionals diagnose an eye disease. However, this tool will not be replacing optometrists. © 2024 by the authors.",2024
892,"Purpose: This review explores the current landscape of AI applications in imaging for TAVR, emphasizing the potential and limitations of these tools for (1) automating the image analysis and reporting process, (2) improving procedural planning, and (3) offering additional insight into post-TAVR outcomes. Finally, the direction of future research necessary to bridge these tools towards clinical integration is discussed. Recent Findings: Transcatheter aortic valve replacement (TAVR) has become a pivotal treatment option for select patients with severe aortic stenosis, and its indication for use continues to broaden. Noninvasive imaging techniques such as CTA and MRA have become routine for patient selection, preprocedural planning, and predicting the risk of complications. As the current methods for pre-TAVR image analysis are labor-intensive and have significant inter-operator variability, experts are looking towards artificial intelligence (AI) as a potential solution. Summary: AI has the potential to significantly enhance the planning, execution, and post-procedural follow up of TAVR. While AI tools are promising, the irreplaceable value of nuanced clinical judgment by skilled physician teams must not be overlooked. With continued research, collaboration, and careful implementation, AI can become an integral part in imaging for TAVR, ultimately improving patient care and outcomes. © The Author(s) 2024.",2024
575,"This article aimed to explore topological uncertainty in medical imaging, particularly in assessing coronary artery calcification using artificial intelligence (AI). Topological uncertainty refers to ambiguities in spatial and structural characteristics of medical features, which can impact the interpretation of coronary plaques. The article discusses the challenges of integrating AI with topological considerations and the need for specialized methodologies beyond traditional performance metrics. It highlights advancements in quantifying topological uncertainty, including the use of persistent homology and topological data analysis techniques. The importance of standardization in methodologies and ethical considerations in AI deployment are emphasized. It also outlines various types of uncertainty in topological frameworks for coronary plaques, categorizing them as quantifiable and controllable or quantifiable and not controllable. Future directions include developing AI algorithms that incorporate topological insights, establishing standardized protocols, and exploring ethical implications to revolutionize cardiovascular care through personalized treatment plans guided by sophisticated topological analysis. Recognizing and quantifying topological uncertainty in medical imaging as AI emerges is critical. Exploring topological uncertainty in coronary artery disease will revolutionize cardiovascular care, promising enhanced precision and personalization in diagnostics and treatment for millions affected by cardiovascular diseases. © 2025 The Authors",2025
585,"Background It is unclear whether coronary artery stenosis, plaque burden, and composition differ between major epicardial arteries supplying ischemic myocardial territories. Methods We studied 837 symptomatic patients undergoing coronary computed tomography angiography (CTA) and 15O-water positron emission tomography (PET) myocardial perfusion imaging for suspected obstructive coronary artery disease. Coronary CTA was analyzed using artificial intelligence-guided quantitative computed tomography (AI-QCT) to assess stenosis and atherosclerotic plaque characteristics. Myocardial ischemia was defined by regional PET perfusion in the left anterior descending (LAD), left circumflex (LCX), and right coronary artery (RCA) territories. Results Among arteries supplying ischemic territories, the LAD exhibited significantly higher stenosis and both absolute and normalized plaque volumes compared to LCX and RCA ( P < .001 for all). Multivariable logistic regression showed diameter stenosis ( P = .001-.015), percent atheroma volume (PAV; P < .001), and percent noncalcified plaque volume (NCPV) ( P = .001-.017) were associated with ischemia across all three arteries. Percent calcified plaque volume (CPV) was associated with ischemia only in the RCA ( P = .001). Conclusions The degree of stenosis and atherosclerotic burden are significantly higher in the LAD as compared to LCX and RCA, both in epicardial coronary arteries supplying nonischemic or ischemic myocardial territories. In all the three main coronary arteries, both luminal narrowing and plaque burden are independent predictors of ischemia, where the plaque burden is mainly driven by noncalcified plaque. However, many vessels supplying ischemic territories have a relatively low degree of stenosis and plaque burden, especially in the LCX and RCA, limiting the ability of diameter stenosis and PAV to predict myocardial ischemia. © 2025 The Authors.",2025
1483,"Background: Acute myocardial infarction (AMI) is one of the most severe cardiovascular diseases and is associated with a high risk of in-hospital mortality. However, the current deep learning models for in-hospital mortality prediction lack interpretability. Objective: This study aims to establish an explainable deep learning model to provide individualized in-hospital mortality prediction and risk factor assessment for patients with AMI. Methods: In this retrospective multicenter study, we used data for consecutive patients hospitalized with AMI from the Chongqing University Central Hospital between July 2016 and December 2022 and the Electronic Intensive Care Unit Collaborative Research Database. These patients were randomly divided into training (7668/10,955, 70%) and internal test (3287/10,955, 30%) data sets. In addition, data of patients with AMI from the Medical Information Mart for Intensive Care database were used for external validation. Deep learning models were used to predict in-hospital mortality in patients with AMI, and they were compared with linear and tree-based models. The Shapley Additive Explanations method was used to explain the model with the highest area under the receiver operating characteristic curve in both the internal test and external validation data sets to quantify and visualize the features that drive predictions. Results: A total of 10,955 patients with AMI who were admitted to Chongqing University Central Hospital or included in the Electronic Intensive Care Unit Collaborative Research Database were randomly divided into a training data set of 7668 (70%) patients and an internal test data set of 3287 (30%) patients. A total of 9355 patients from the Medical Information Mart for Intensive Care database were included for independent external validation. In-hospital mortality occurred in 8.74% (670/7668), 8.73% (287/3287), and 9.12% (853/9355) of the patients in the training, internal test, and external validation cohorts, respectively. The Self-Attention and Intersample Attention Transformer model performed best in both the internal test data set and the external validation data set among the 9 prediction models, with the highest area under the receiver operating characteristic curve of 0.86 (95% CI 0.84-0.88) and 0.85 (95% CI 0.84-0.87), respectively. Older age, high heart rate, and low body temperature were the 3 most important predictors of increased mortality, according to the explanations of the Self-Attention and Intersample Attention Transformer model. Conclusions: The explainable deep learning model that we developed could provide estimates of mortality and visual contribution of the features to the prediction for a patient with AMI. The explanations suggested that older age, unstable vital signs, and metabolic disorders may increase the risk of mortality in patients with AMI. © 2024 JMIR Publications Inc.. All rights reserved.",2024
1174,"Accurate and automated segmentation of x-ray coronary angiography (XRCA) is crucial for both diagnosing and treating coronary artery diseases. Despite the outstanding results achieved by deep learning (DL)-based methods in this area, this task remains challenging due to several factors such as poor image quality, the presence of motion artifacts, and inherent variability in vessel structure sizes. To address this challenge, this paper introduces a novel GAN-based architecture for coronary artery segmentation using XRCA images. This architecture includes a novel U-Net variant with two types of self-attention blocks in the generator segment. An auxiliary path connects the attention block and the prediction block to enhance feature generalization, improving vessel structure delineation, especially thin vessels in low-contrast regions. In parallel, the discriminator network employs a residual CNN with similar attention blocks for balanced performance and improved predictive capabilities. With a streamlined 6.74 M parameters, the resulting architecture surpasses existing methods in efficiency. We assess its efficacy on three coronary artery datasets: our private “CORONAR,” and the public “DCA1” and “CHUAC” datasets. Empirical results showcase our model's superiority across these datasets, utilizing both original and preprocessed images. Notably, our proposed architecture achieves the highest F1-score of 0.7972 for the CHUAC dataset, 0.8245 for the DCA1 dataset, and 0.8333 for the CORONAR dataset. © 2024 Wiley Periodicals LLC.",2024
621,"Background Ambient air pollutants adversely affect renal function and increase type 2 diabetes incidence. However, the impact of air pollution on diabetic kidney disease (DKD) patients remains underexplored, with limited consideration of medication-related effects. We assessed the influence of air pollutants on DKD patients while meticulously adjusting for medication use. Methods We retrospectively enrolled DKD patients. Primary and secondary outcomes included end-stage kidney disease (ESKD) and a composite (ESKD and mortality). Nationwide forecasted ultra-high-resolution air pollutant data [2.5-μm particulate matter (PM2.5), 10-μm particulate matter (PM10), nitrogen dioxide (NO2), carbon monoxide (CO)] were obtained from the Ai-Machine learning Statistics Collaborative Research Ensemble for Air pollution, Temperature, and all types of Environmental exposures (AiMS-CREATE). Monthly updated ambient air pollutants and medication prescription information were considered time-varying variables in multivariable time-dependent Cox analyses. Results Patients (n = 9482) were followed for a median of 9 (ESKD) and 11 (composite outcome) years; 20.6% progressed to ESKD and 46.7% experienced composite outcomes. The DKD-stage patient distribution was 12.5% (stage 1-2), 35.8% (stage 3) and 51.6% (stage 4-5). Initial renin-angiotensin system blocker use increased from 37.4% to 58.5% during year 1 then gradually decreased. During follow-up, all four air pollutant concentrations significantly decreased, with CO exhibiting the most pronounced decline. The 1-month lagged PM2.5 exposure (Lag1_PM2.5) was significantly associated with higher ESKD progression risk {adjusted hazard ratio [aHR] 1.28 [95% confidence interval (CI) 1.085-1.508]}, whereas PM2.5 itself showed no significance [aHR 1.05 (95% CI 0.872-1.260)]. Both exposures increased the composite outcome risk (PM2.5 aHR 1.16 Lag1_PM2.5 aHR 1.15). PM10 and Lag1_PM10 showed no significant associations with either ESKD progression or composite outcomes. NO2 exposure increased ESKD progression risk but was not associated with composite outcomes. Conclusion Even after comprehensive medication use adjustment, higher PM2.5 exposure was independently associated with an increased risk of ESKD progression and composite outcome in DKD patients.  © 2025 The Author(s). Published by Oxford University Press on behalf of the ERA.",2025
669,"Objective: To explore the potential of the deep learning reconstruction (DLR) for ultralow dose calcium scoring CT (CSCT) with simultaneously reduced tube voltage and current. Methods: In this prospective study, seventy-five patients (group A) undergoing routine dose CSCT (120kVp/30mAs) were followed by a low dose (120kVp/20mAs) scan and another 81 (group B) were followed by an ultralow dose (80kVp/20mAs) scan. The hybrid iterative reconstruction was used for the routine dose data while the DLR for data of reduced dose. The calcium score and risk categorization were compared, where the correlation was evaluated using the intraclass correlation coefficient (ICC). The noise suppression performance of DLR was characterized by the contrast-to-noise ratio (CNR) between coronary arteries and pericoronary fat. Results: The effective dose was 0.32 ± 0.03 vs. 0.48 ± 0.05 mSv for the two scans in group A and 0.09 ± 0.01 vs. 0.49 ± 0.05 mSv in group B. No significant difference was found on CACSs within either group (A: p = 0.10, ICC=0.99; B: p = 0.14, ICC=0.99), nor was it different on risk categorization (A: p = 0.32, ICC=0.99; B: p = 0.16, ICC=0.99). The DLR images exhibited higher CNR in both groups (A: p < 0.001; B: p = 0.001). Conclusions: The DLR allowed reliable calcium scoring in not only low dose CSCT with reduced tube current but ultralow dose CSCT with simultaneously reduced tube voltage and current, showing feasibility to be adopted in routine applications. © 2024 Elsevier B.V.",2024
1074,"Background: Various genetic and nongenetic variables influence the high on-treatment platelet reactivity (HTPR) in patients taking clopidogrel. Aim: This study aimed to develop a novel machine learning (ML) model to predict HTPR in Chinese patients after percutaneous coronary intervention (PCI). Method: This cohort study collected information on 507 patients taking clopidogrel. Data were randomly divided into a training set (90%) and a testing set (10%). Nine candidate Machine learning (ML) models and multiple logistic regression (LR) analysis were developed on the training set. Their performance was assessed according to the area under the receiver operating characteristic curve, precision, recall, F1 score, and accuracy on the test set. Model interpretations were generated using importance scores by transforming model variables into scaled features and representing in radar plots. Finally, we established a prediction platform for the prediction of HTPR. Results: A total of 461 patients (HTPR rate: 19.52%) were enrolled in building the prediction model for HTPR. The XGBoost model had an optimized performance, with an AUC of 0.82, a precision of 0.80, a recall of 0.44, an F1 score of 0.57, and an accuracy of 0.87, which was superior to those of LR. Furthermore, the XGBoost method identified 7 main predictive variables. To facilitate the application of the model, we established an XGBoost prediction platform consisting of 7 variables and all variables for the HTPR prediction. Conclusion: A ML-based approach, such as XGBoost, showed optimum performance and might help predict HTPR on clopidogrel after PCI and guide clinical decision-making. Further validated studies will strengthen this finding. © 2023, The Author(s), under exclusive licence to Springer Nature Switzerland AG.",2024
1305,"This paper proposes an innovative approach to generate a generalized myocardial ischemia database by modeling the virtual electrophysiology of the heart and the 12-lead electrocardiography projected by the in-silico model can serve as a ready-to-use database for automatic myocardial infarction/ischemia (MI) localization and classification. Although the virtual heart can be created by an established technique combining the cell model with personalized heart geometry to observe the spatial propagation of depolarization and repolarization waves, we developed a strategy based on the clinical pathophysiology of MI to generate a heterogeneous database with a generic heart while maintaining clinical relevance and reduced computational complexity. First, the virtual heart is simplified into 11 regions that match the types and locations, which can be diagnosed by 12-lead ECG; the major arteries were divided into 3–5 segments from the upstream to the downstream based on the general anatomy. Second, the stenosis or infarction of the major or minor coronary artery branches can cause different perfusion drops and infarct sizes. We simulated the ischemic sites in different branches of the arteries by meandering the infarction location to elaborate on possible ECG representations, which alters the infraction's size and changes the transmembrane potential (TMP) of the myocytes associated with different levels of perfusion drop. A total of 8190 different case combinations of cardiac potentials with ischemia and MI were simulated, and the corresponding ECGs were generated by forward calculations. Finally, we trained and validated our in-silico database with a sparse representation classification (SRC) and tested the transferability of the model on the real-world Physikalisch Technische Bundesanstalt (PTB) database. The overall accuracies for localizing the MI region on the PTB data achieved 0.86, which is only 2% drop compared to that derived from the simulated database (0.88). In summary, we have shown a proof-of-concept for transferring an in-silico model to real-world database to compensate for insufficient data. © 2024",2024
1198,"Intracoronary physiology testing has evolved as a promising diagnostic approach in the management of patients with coronary artery disease. The value of hyperemic translesional pressure ratios to estimate the functional relevance of coronary stenoses is supported by a wealth of outcomes data. The continuing drive to further simplify this approach led to the development of non-hyperemic pressure-based indices. Recent attention has focused on estimating functional significance without invasively measuring coronary pressure through the measurement of virtual indices derived from the coronary angiogram. By offering a routine assessment of the physiology of all the major epicardial coronary vessels, angiogram-derived physiology has the potential to modify current practice by facilitating more accurate patient-level, vessel-level, and even lesion-level decision making. This article reviews the current state of angiogram-derived physiology and speculates on its potential impact on clinical practice, in continuation to the previously published article on coronary physiology in this journal. © 2023 Published by Scientific Scholar on behalf of Indian Journal of Cardiovascular Disease in Women.",2023
1080,"Objectives: Current coronary CT angiography (CTA) guidelines suggest both end-systolic and mid-diastolic phases of the cardiac cycle can be used for CTA image acquisition. However, whether differences in the phase of the cardiac cycle influence coronary plaque measurements is not known. We aim to explore the potential impact of cardiac phases on quantitative plaque assessment. Methods: We enrolled 39 consecutive patients (23 male, age 66.2 ± 11.5 years) who underwent CTA with dual-source CT with visually evident coronary atherosclerosis and with good image quality. End-systolic and mid- to late-diastolic phase images were reconstructed from the same CTA scan. Quantitative plaque and stenosis were analyzed in both systolic and diastolic images using artificial intelligence (AI)–enabled plaque analysis software (Autoplaque). Results: Overall, 186 lesions from 39 patients were analyzed. There were excellent agreement and correlation between systolic and diastolic images for all plaque volume measurements (Lin’s concordance coefficient ranging from 0.97 to 0.99; R ranging from 0.96 to 0.98). There were no substantial intrascan differences per patient between systolic and diastolic phases (p > 0.05 for all) for total (1017.1 ± 712.9 mm3 vs. 1014.7 ± 696.2 mm3), non-calcified (861.5 ± 553.7 mm3 vs. 856.5 ± 528.7 mm3), calcified (155.7 ± 229.3 mm3 vs. 158.2 ± 232.4 mm3), and low-density non-calcified plaque volume (151.4 ± 106.1 mm3 vs. 151.5 ± 101.5 mm3) and diameter stenosis (42.5 ± 18.4% vs 41.3 ± 15.1%). Conclusion: Excellent agreement and no substantial differences were observed in AI-enabled quantitative plaque measurements on CTA in systolic and diastolic images. Following further validation, standardized plaque measurements can be performed from CTA in systolic or diastolic cardiac phase. Clinical relevance statement: Quantitative plaque assessment using artificial intelligence–enabled plaque analysis software can provide standardized plaque quantification, regardless of cardiac phase. Key Points: • The impact of different cardiac phases on coronary plaque measurements is unknown. • Plaque analysis using artificial intelligence–enabled software on systolic and diastolic CT angiography images shows excellent agreement. • Quantitative coronary artery plaque assessment can be performed regardless of cardiac phase. © The Author(s), under exclusive licence to European Society of Radiology 2024.",2024
613,"Background/Objectives: Diagnostic accuracy studies are essential for the evaluation of the performance of medical tests. The risk of bias (RoB) for these studies is commonly assessed using the Quality Assessment of Diagnostic Accuracy Studies (QUADAS) tool. This study aimed to assess the capabilities and reasoning accuracy of large language models (LLMs) in evaluating the RoB in diagnostic accuracy studies, using QUADAS 2, compared to human experts. Methods: Four LLMs were used for the AI assessment: ChatGPT 4o model, X.AI Grok 3 model, Gemini 2.0 flash model, and DeepSeek V3 model. Ten recent open-access diagnostic accuracy studies were selected. Each article was independently assessed by human experts and by LLMs using QUADAS 2. Results: Out of 110 signaling questions assessments (11 questions for each of the 10 articles) by the four AI models, and the mean percentage of correct assessments of all the models was 72.95%. The most accurate model was Grok 3, followed by ChatGPT 4o, DeepSeek V3, and Gemini 2.0 Flash, with accuracies ranging from 74.45% to 67.27%. When analyzed by domain, the most accurate responses were for “flow and timing”, followed by “index test”, and then similarly for “patient selection” and “reference standard”. An extensive list of reasoning errors was documented. Conclusions: This study demonstrates that LLMs can achieve a moderate level of accuracy in evaluating the RoB in diagnostic accuracy studies. However, they are not yet a substitute for expert clinical and methodological judgment. LLMs may serve as complementary tools in systematic reviews, with compulsory human supervision. © 2025 by the authors.",2025
493,"Background and Aim: Coronary artery disease (CAD) remains the leading cause of morbidity and mortality worldwide, underscoring the need for early detection of CAD before myocardial infarction (MI) develops. Materials and Methods: This cross-sectional study included 471 Iraqi participants (126 controls, 126 confirmed CAD with MI and 149 suspected CAD without MI) assessed at cardiology departments in Baghdad. Biochemical parameters, including asymmetric dimethylarginine (ADMA), lipid profile, C-reactive protein, and cardiac troponin I, were measured. One-way analysis of variance showed significant differences in all parameters among confirmed CAD patients. Results: Four machine learning models—logistic regression, support vector machine, random forest, and XGBoost—were applied to evaluate the detection capacity of ADMA under two clinical classes: C1) all groups (A, B, and C); and C2) A and C only. In C1, random forest achieved the highest overall area under the curve (AUC): (0.803), while logistic regression and support vector machine showed overfitting driven by MI. In C2, random forest (AUC: 0.822) and XGBoost (AUC: 0.781) maintained clinically relevant discriminatory power. Shapley Additive exPlanations analysis confirmed ADMA as the primary marker in early CAD. This study demonstrates that ADMA, combined with machine learning, enhances the detection of subclinical CAD and provides a more reliable risk-stratification tool prior to progression to acute coronary events. Conclusion: DMA showed significant differences across groups. Random forest retained its diagnostic ability in suspected cases, supporting early detection. ADMA indicated potential for early detection of CAD in the suspected group. Random forest and XGBoost demonstrate the strongest diagnostic performance for clinical decision-making. Copyright 2026 Author(s).",2026
354,"Background: Artificial intelligence-assisted quantitative coronary angiography (AI-QCA) has been developed to enable the automated, objective assessment of coronary artery stenosis without human intervention. Previous studies have shown its accuracy compared with manual QCA and intravascular ultrasound. In this study, we aimed to evaluate cardiologists’ experience of analyzing coronary lesions with AI-QCA. Methods: Ten board-certified cardiologists from multiple centers specializing in coronary intervention, with varying periods of experience, participated in this study. They analyzed angiograms from 180 patients with marked coronary stenosis requiring coronary revascularization. Correlations between manual QCA and AI-QCA were measured by using Pearson’s or Spearman’s correlation coefficients. Results: The average System Usability Scale (SUS) score was 66.7, indicating marginal high acceptability. The angiographic frame selected by the cardiologists with AI-QCA assistance was within five frames of that elected by the QCA analyst in 64.2% of cases. Furthermore, the time taken by cardiologists to analyze angiograms with AI-QCA assistance was 1.5±0.9 s, significantly lower than that required by an expert analyst to perform manual QCA (88.1±35.5 s, P<0.001). Key angiographic variables, such as reference vessel diameter (RD), minimal lumen diameter (MLD), diameter stenosis (DS), and lesional length (LL), showed moderate-to-strong correlations between AI-QCA and manual QCA (e.g., distal reference diameter, R=0.74). Conclusions: This prospective study showed that automated analysis with AI-QCA can be performed with an acceptable user experience as well as minimal human intervention and little additional time. Therefore, the application of AI-QCA in the Cath lab is feasible and potentially helpful during coronary angiography (CAG) and intervention. © AME Publishing Company.",2025
261,"Objective: This study compared the performance of different machine learning models in predicting in-hospital mortality in patients hospitalized for heart failure. Methods: Demographic and clinical data of 229 patients were retrospectively reviewed for this study. The variables included age, sex, hypertension, diabetes, coronary artery disease, peripheral artery disease, chronic kidney failure, Charlson comorbidity index, and length of hospital stay. In-hospital mortality (“in-hospital death”) was defined as the dependent variable. The machine learning methods used included logistic regression, random forest, gradient boosting, and multilayer perceptron models. The model performance was evaluated using the receiver operating characteristic area under the curve, precision–recall area under the curve, F1 score, and Brier score. Results: In-hospital mortality was observed in 7 of the 229 patients included in the study (3.1%). The mean age and frequency of chronic kidney disease were higher among deceased patients, whereas the Charlson comorbidity index did not differ significantly between survivors and non-survivors. In model comparisons, the Gradient Boosting model showed the best overall performance (ROC-AUC: 0.87, PR-AUC: 0.76, F1: 0.73; Brier score: 0.12). Conclusion: The Gradient Boosting model demonstrated the highest performance in predicting in-hospital mortality in patients with heart failure. Machine learning algorithms offer strong potential beyond traditional statistical approaches for the prognostic prediction of complex clinical scenarios such as heart failure. © The Author(s) 2026. This article is distributed under the terms of the Creative Commons Attribution-NonCommercial 4.0 License (https://creativecommons.org/licenses/by-nc/4.0/) which permits non-commercial use, reproduction and distribution of the work without further permission provided the original work is attributed as specified on the SAGE and Open Access pages (https://us.sagepub.com/en-us/nam/open-access-at-sage).",2026
59,"Objective: Using 2005–2018 NHANES data, this study examined the association between the visceral fat metabolism score (METS-VF) and heart failure (HF) prevalence in U.S. adults, leveraging machine learning (LightGBM/XGBoost) and SHAP for classfication performance evaluation and feature interpretation. Methods: After excluding missing data, 30,704 participants were analyzed via survey-weighted statistics, restricted cubic splines (RCS), stratified analyses, and multivariate logistic regression. Ensemble models were compared for HF classification, with SHAP quantifying feature importance. Results: HF patients exhibited higher METS-VF (7.35 ± 0.53 vs. 6.79 ± 0.72, P < 0.001) and worse cardiometabolic profiles. Multivariate adjustment revealed a 2.249-fold increased HF prevalence per 1-unit METS-VF increase (95% CI: 1.503–3.366, P < 0.001), with a nonlinear threshold effect (inflection point = 7.151; OR = 3.321, 95% CI: 3.464–8.494 for METS-VF ≥ 7.151). Obesity (BMI ≥ 30 kg/m²) amplified the association (OR = 5.857). LightGBM outperformed logistic regression in classification (AUC = 0.964 vs. 0.907), with SHAP identifying METS-VF as the top contributor (importance weight = 18.6%), surpassing hypertension (10.8%) and coronary artery disease (11.7%). Correlations validated METS-VF as a composite index of visceral adiposity and metabolic dysfunction (waist circumference r = 0.43, high-density lipoprotein cholesterol r = − 0.38, all P < 0.001). Conclusion: METS-VF is independently and nonlinearly associated with HF prevalence, particularly in obese individuals. Machine learning enhances predictive accuracy by capturing complex interactions, while SHAP-based interpretability establishes METS-VF as a key biomarker integrating metabolic-adipose abnormalities, offering a novel target for personalized HF prevention. © The Author(s) 2025.",2025
597,"Coronary artery disease (CAD) is a major cause of mortality, especially among aging populations, making timely and accurate diagnosis essential. In this work, a portable wireless device powered by artificial intelligence for CAD detection is proposed, which synchronously captures electrocardiograms (ECG) and phonocardiograms (PCG) signals and transmits them for real-time analysis and visualization. To ensure the reliability of the acquired signals, a Hidden Semi Markov model is applied to validate data quality. Then, a multiscale convolutional neural network (CNN) feature fusion model extracts critical features from the PCG and ECG signals. All these features and signal information are later processed by a bidirectional long short-term memory (Bi-LSTM) network. Our network achieves impressive metrics and maintains reliable performance in practical tests. This straightforward diagnostic system offers a practical and technically feasible solution for the effective diagnosis of CAD, leveraging advanced neural network architectures for robust clinical application. © 2025 Elsevier Ltd",2025
1464,"Introduction: The prevalence of diabetes, a common chronic disease, has shown a gradual increase, posing substantial burdens on both society and individuals. In order to enhance the effectiveness of diabetes risk prediction questionnaires, optimize the selection of characteristic variables, and raise awareness of diabetes risk among residents, this study utilizes survey data obtained from the risk factor monitoring system of the Centers for Disease Control and Prevention in the United States. Methods: Following univariate analysis and meticulous screening, a more refined dataset was constructed. This dataset underwent preprocessing steps, including data distribution standardization, the application of the Synthetic Minority Oversampling Technique (SMOTE) in combination with the Round function for equilibration, and data standardization. Subsequently, machine learning (ML) techniques were employed, utilizing enumerated feature variables to evaluate the strength of the correlation among diabetes risk factors. Results: The research findings effectively delineated the ranking of characteristic variables that significantly influence the risk of diabetes. Obesity emerges as the most impactful factor, overshadowing other risk factors. Additionally, psychological factors, advanced age, high cholesterol, high blood pressure, alcohol abuse, coronary heart disease or myocardial infarction, mobility difficulties, and low family income exhibit correlations with diabetes risk to varying degrees. Discussion: The experimental data in this study illustrate that, while maintaining comparable accuracy, optimization of questionnaire variables and the number of questions can significantly enhance efficiency for subsequent follow-up and precise diabetes prevention. Moreover, the research methods employed in this study offer valuable insights into studying the risk correlation of other diseases, while the research results contribute to heightened societal awareness of populations at elevated risk of diabetes. Copyright © 2024 Jiang, Yang, Liu, Xia, Yang, Gong, Wang and Wang.",2024
978,[No abstract available],2025
259,"Background – There is emerging evidence that plaque features may play a critical role in future acute coronary syndrome. In this study, we analyzed plaque features using an artificial intelligence-enabled algorithm in a clinical cohort who developed non-ST-elevation myocardial infarction (NSTEMI) following coronary CT angiogram (CCTA). Methods – We performed a case-control study selected from 13 751 consecutive cases in a single center referred for outpatient CCTA. After a follow-up of 4.3 ± 4 years, 48 patients without preexisting coronary disease developed NSTEMI. Controls (N = 187) were matched to the cases on age, gender, BMI, and kilovoltage for CTA acquisition. Quantitative plaque analysis was performed using artificial intelligence-enabled Autoplaque software (Autoplaque version 3.0; Cedars-Sinai Medical Center, Los Angeles, California, USA). Multivariable Cox proportional hazards models were performed to identify the predictors of NSTEMI. Results – The mean age was 64 ± 11 years. Both case and control groups had mild stenosis at baseline (26 vs 17%, P = 0.01). The total calcified plaque and fibrous plaque volume were not different (P = 0.10 and P = 0.13, respectively). Necrotic core plaque volume and fibrous fatty plaque volume were higher in the NSTEMI group (28 ± 29 vs 9 ± 13 mm3, 169 ± 157 vs 84 ± 105 mm3, respectively, both P < 0.01). In multivariable Cox regression, necrotic core volume portended the greatest risk of NSTEMI, a seven-fold higher than that of total plaque volume. Conclusion – Using artificial intelligence-enabled plaque analysis, noncalcified plaque volume, especially necrotic core and fibrous fatty plaque volume are important precursors for future NSTEMI events. © 2024 Wolters Kluwer Health, Inc. All rights reserved.",2026
838,[No abstract available],2025
1031,"Context: The presence of metabolic dysfunction–associated steatotic liver disease (MASLD) in patients with diabetes mellitus (DM) is associated with a high risk of cardiovascular disease, but is often underdiagnosed. Objective: To develop machine learning (ML) models for risk assessment of MASLD occurrence in patients with DM. Methods: Feature selection determined the discriminative parameters, utilized to classify DM patients as those with and without MASLD. The performance of the multiple logistic regression model was quantified by sensitivity, specificity, and percentage of correctly classified patients, and receiver operating characteristic (ROC) curve analysis. Decision curve analysis (DCA) assessed the model’s net benefit for alternative treatments. Results: We studied 2000 patients with DM (mean age 58.85 ± 17.37 years; 48% women). Eight parameters: age, body mass index, type of DM, alanine aminotransferase, aspartate aminotransferase, platelet count, hyperuricaemia, and treatment with metformin were identified as discriminative. The experiments for 1735 patients show that 744/991 (75.08%) and 586/744 (78.76%) patients with/without MASLD were correctly identified (sensitivity/specificity: 0.75/0.79). The area under ROC (AUC) was 0.84 (95% CI, 0.82-0.86), while DCA showed a higher clinical utility of the model, ranging from 30% to 84% threshold probability. Results for 265 test patients confirm the model’s generalizability (sensitivity/specificity: 0.80/0.74; AUC: 0.81 [95% CI, 0.76-0.87]), whereas unsupervised clustering identified high-risk patients. Conclusion: A ML approach demonstrated high performance in identifying MASLD in patients with DM. This approach may facilitate better risk stratification and cardiovascular risk prevention strategies for high-risk patients with DM at risk of MASLD. © The Author(s) 2024. Published by Oxford University Press on behalf of the Endocrine Society.",2024
1862,"Cardiovascular diseases (CVDs) such as hypertension, heart failure, stroke, and coronary artery disease are now the major causes of early death worldwide, particularly in low and middle-income countries. Early detection of these disorders could lower the number of people who die prematurely. Researchers have proposed many techniques for CVD prediction, such as data mining, machine learning (ML), and the Internet of Things (IoT), for the early detection and monitoring of cardiac patients. Although these techniques are suggested and sometimes used, there is still much worry regarding their efficacy in situations where the error rate is high and accuracy is doubtful. As a result, it is necessary to select a prediction technique that can deliver more accuracy and fewer errors. This paper proposes an effective ensemble method based on the Random Forest (RF) algorithm for improving accuracy by combining multiple feature selection techniques. A classification model is built using training datasets and produces several decision trees. These datasets adjust for any missing data and include estimates of important classification variables. Data preparation and feature selection approaches such as correlation coefficients and data mining feature selection techniques are applied to remove outliers. Finally, a cardiovascular disease prediction model is created, and the model's increased performance accuracy is tested using a confusion matrix. A dataset from the Kaggle repository with 1025 data points and 14 attributes is used. The saved data are then preprocessed, yielding a dataset of 769 records and 13 variables that are evaluated using RF and compared to various models such as K-Nearest Neighbor (K-NN), Support Vector Machine (SVM), and Logistic Regression (LR) for the prediction of heart disorders. After employing several techniques, the proposed model achieves an accuracy of 99%, which shows a significant improvement over the other assessed models. © 2023 The Authors",2023
1977,"Introduction: Recent advances in machine learning provide new possibilities to process and analyse observational patient data to predict patient outcomes. In this paper, we introduce a data processing pipeline for cardiogenic shock (CS) prediction from the MIMIC III database of intensive cardiac care unit patients with acute coronary syndrome. The ability to identify high-risk patients could possibly allow taking pre-emptive measures and thus prevent the development of CS. Methods: We mainly focus on techniques for the imputation of missing data by generating a pipeline for imputation and comparing the performance of various multivariate imputation algorithms, including k-nearest neighbours, two singular value decomposition (SVD)—based methods, and Multiple Imputation by Chained Equations. After imputation, we select the final subjects and variables from the imputed dataset and showcase the performance of the gradient-boosted framework that uses a tree-based classifier for cardiogenic shock prediction. Results: We achieved good classification performance thanks to data cleaning and imputation (cross-validated mean area under the curve 0.805) without hyperparameter optimization. Conclusion: We believe our pre-processing pipeline would prove helpful also for other classification and regression experiments. 2023 Jajcay, Bezak, Segev, Matetzky, Jankova, Spartalis, El Tahlawi, Guerra, Friebel, Thevathasan, Berta, Pölzl, Nägele, Pogran, Cader, Jarakovic, Gollmann-Tepeköylü, Kollarova, Petrikova, Tica, Krychtiuk, Tavazzi, Skurk, Huber and Böhm.",2023
720,"Objectives: Data suggest patients suffering acute coronary occlusion myocardial infarction (OMI) benefit from prompt primary percutaneous intervention (PPCI). Many emergency medical services (EMS) activate catheterization labs to reduce time to PPCI, but suffer a high burden of inappropriate activations. Artificial intelligence (AI) algorithms show promise to improve electrocardiogram (ECG) interpretation. The primary objective was to evaluate the potential of AI to reduce false positive activations without missing OMI. Methods: Electrocardiograms were categorized by (1) STEMI criteria, (2) ECG integrated device software and (3) a proprietary AI algorithm (Queen of Hearts (QOH), Powerful Medical). If multiple ECGs were obtained and any one tracing was positive for a given method, that diagnostic method was considered positive. The primary outcome was OMI defined as an angiographic culprit lesion with either TIMI 0–2 flow; or TIMI 3 flow with either peak high sensitivity troponin-I > 5000 ng/L or new wall motion abnormality. The primary analysis was per-patient proportion of false positives. Results: A total of 140 patients were screened and 117 met criteria. Of these, 48 met the primary outcome criteria of OMI. There were 80 positives by STEMI criteria, 88 by device algorithm, and 77 by AI software. All approaches reduced false positives, 27% for STEMI, 22% for device software, and 34% for AI (p < 0.01 for all). The reduction in false positives did not significantly differ between STEMI criteria and AI software (p = 0.19) but STEMI criteria missed 6 (5%) OMIs, while AI missed none (p = 0.01). Conclusions: In this single-center retrospective study, an AI-driven algorithm reduced false positive diagnoses of OMI compared to EMS clinician gestalt. Compared to AI (which missed no OMI), STEMI criteria also reduced false positives but missed 6 true OMI. External validation of these findings in prospective cohorts is indicated. © 2024 National Association of EMS Physicians.",2025
51,"BackgroundPlaque assessment by quantitative coronary CT angiography has demonstrated to correlate highly with intravascular ultrasound and optical coherence tomography, and these modalities have shown strong prognostic value.ObjectivesThe purpose of this study was to identify the prognostic value of artificial intelligence–guided quantitative CCTA (AI-QCT) for major adverse cardiovascular events (MACE) against the risk factor–weighted clinical likelihood model.MethodsThe CONFIRM2 (COroNary CT Angiography Evaluation For Evaluation of Clinical Outcomes: An InteRnational, Multicenter Registry) is a multicenter, international, observational cohort study that included patients with clinically indicated CCTA and follow-up for MACE. Patients without cardiac symptoms and prior coronary artery disease (CAD) were excluded. Across the entire coronary artery tree, the presence, extent, and composition of CAD were analyzed by an AI-QCT software, and 24 variables at a patient, vessel, and plaque level were derived, including percent luminal narrowing, remodeling index, plaque volumes (total, calcified, noncalcified, low attenuation), and plaque composition. The primary MACE endpoint was defined as a composite of all-cause death, myocardial infarction (MI), stroke, congestive heart failure, late revascularizations, and hospitalization for unstable angina. The secondary MACE endpoint was defined as all-cause death and MI.ResultsA total of 3,551 patients (age 58.8 ± 12.5 years, 50.5% male) were followed for a median of 4.27 (IQR: 3.47-5.08) years during which 167 (4.7%) events occurred. After excluding collinear variables, diameter stenosis (HR: 1.25 [95% CI: 1.18-1.32]) per 10% increase and noncalcified plaque volume (HR: 1.07 [95% CI: 1.03-1.11]) per 50 mm3 increase were the only independent predictors for MACE. In multivariable modeling, the discriminatory value defined by area under the curve (AUC) improved from 0.63 (95% CI: 0.58-0.67) based on the risk factor–weighted clinical likelihood model to 0.76 (95% CI: 0.77-0.80), P < 0.001 when adding AI-QCT-based diameter stenosis and noncalcified plaque volume. A similar improvement in risk prediction was seen when adding AI-QCT (AUC 0.77; P < 0.001) to a model with traditional risk factors, age, and sex (AUC: 0.67). In addition, AI-QCT significantly improved discrimination compared to the atherosclerotic cardiovascular disease risk score (AUC: 0.63; 95% CI: 0.58-0.68) to 0.75 (95% CI: 0.69-0.80; P < 0.001). Similar results were seen for the secondary MACE endpoint of death/MI.ConclusionsThis first multicenter global registry with AI-guided quantitative CT identified noncalcified plaque burden and increment in stenosis severity as the most powerful predictors of MACE, demonstrating the interplay between traditional and novel measures of the severity of CAD. Standardized and rapid quantitative assessment of CAD may improve clinical implementation of multidimensional assessment of CAD as a cornerstone for risk assessment. © 2026 The Authors. Published by Elsevier on behalf of the American College of Cardiology Foundation. This is an open access article under the CC BY license. http://creativecommons.org/licenses/by/4.0/",2026
1540,"Introduction: In CIED infections, all device material needs to be removed. But, especially in pacemaker-dependent patients it is often not possible to realize a device-free interval for infection remediation. In those patients, different treatment options are available, however the ideal solution needs still to be defined. Methods: This retrospective analysis includes 190 patients undergoing CIED extractions due to infection. Three different treatment algorithms were analyzed: Group 1 included 89 patients with system removal only (System removal group). In Group 2, 28 patients received an epicardial electrode during extraction procedure (Epicardial lead group) while 78 patients in group 3 (contralateral reimplantation group) received implantation of a new system contralaterally during extraction procedure. We analyzed peri- and postoperative data as well as 1-year outcomes of the three groups. Results: Patients in the system removal and epicardial lead groups were significantly older, had more comorbidities, and suffered more frequently from systemic infections than those in contralateral reimplantation group. Lead extraction procedures had comparable success rates: 95.5%, 96.4%, and 93.2% of complete lead removal in the System removal, Epicardial Lead, Contralateral re-implantation group respectively. Device reimplantation was performed in all patients in Epicardial lead and Contralateral reimplantation group, whereas only 49.4% in System removal group received device re-implantation. At 1-year follow-up, freedom from infection and absence of pocket irritation were comparable for all groups (94.7% Contralateral reimplantation group and Epicardial lead group, 100% System removal group). No procedure-related mortality was observed, whereas 1-year mortality was 3.4% in System removal group, 4.1% in Contralateral re-implantation group and 21.4% in Epicardial lead group (p < 0.001). Conclusion: In patients with CIED infection, systems should be removed completely and reimplanted after infection remediation. In pacemaker-dependent patients, simultaneous contralateral CIED re-implantation or epicardial lead placement may be performed, depending on route, severity and location of infection. 2024 Burger, Strauß, Chung, Richter, Ziegelhöffer, Hakmi, Reichenspurner, Choi and Pecha.",2023
344,"Object: The differentiation of acute myocardial infarction (AMI) has long been a challenging problem in clinical diagnosis and forensic identification. Recent studies have shown that microRNAs (miRNAs) in exosomes are involved in the development and progression of AMI. results indicated that plasma exosomal miRNAs can be considered as novel biomarkers for early AMI recognition. Method: In this study, exosomal miRNAs in plasma associated with the pathogenesis of AMI was explored and AMI identification model based on these miRNAs were established using machine learning technology. Result: Following the analysis of differentially expressed miRNAs in plasma-derived exosomes, the expression levels of 36 miRNAs increase with the passage of time, including miR-3473, miR-504, miR-490-5p, miR-218a-2-3p, and miR-760-3p, showed an increasing trend over time in the plasma exosomes of AMI rats. Based on machine learning techniques, miR-3473, miR-504, miR-490-5p, miR-218a-2-3p were used to construct a model for recognizing early AMI. The precision of the AMI identification model reached 0.955. Conclusion: The results indicated that plasma exosomal miRNAs can be considered as novel biomarkers for early AMI recognition. © The Author(s), under exclusive licence to Springer-Verlag GmbH Germany, part of Springer Nature 2025.",2026
724,"Background: Patients with coronary artery disease (CAD) and type 2 diabetes mellitus (T2DM) are at markedly increased risk of developing heart failure (HF), yet early identification of high-risk individuals remains challenging. The remnant cholesterol inflammatory index (RCII) has been proposed as a predictor of adverse cardiovascular outcomes, but its role in patients with CAD and T2DM has not been fully elucidated. Methods: We retrospectively analyzed clinical data from patients treated at our center. Demographic characteristics, comorbidities, medication use, and laboratory parameters were collected. Key features were selected using the Boruta algorithm, and five machine learning models—logistic regression (Logistic), decision tree (DT), elastic net regression (ENet), LASSO regression, and naïve Bayes (NB)—were constructed. Discrimination was assessed by receiver operating characteristic (ROC) curves and area under the curve (AUC), calibration by calibration plots and Brier scores, and interpretability by SHAP analysis. Results: Among 1181 enrolled patients, 73 developed HF. Median RCII levels were significantly higher in the HF group. Boruta feature selection identified 13 key predictors for model development. Logistic regression demonstrated the best performance, achieving AUCs of 0.88 in the training set and 0.85 in the testing set, with overall accuracy of 0.87 and F1-score of 0.79 in the testing cohort. SHAP analysis revealed that elevated RCII, poor nutritional status, and smoking were major contributors to HF occurrence, with RCII showing a positive association with HF risk. Conclusion: RCII is a valuable predictor of HF in patients with CAD and T2DM. Higher RCII levels are closely linked to an increased risk of HF. © 2025 Luo et al.",2025
303,"Background – Hypertension significantly contributes to cardiovascular morbidity and mortality but is often underdiagnosed and poorly controlled, as intermittent cuff-based measurements provide only discrete readings and miss short-term vascular dynamics. Photoplethysmography (PPG), a noninvasive optical technique tracking pulsatile blood-volume changes, offers a practical, low-cost, wearable-compatible alternative capable of capturing temporal and morphological waveform patterns. Unlike dual-sensor or calibration-dependent systems, single-site PPG can extract indices linked to arterial stiffness, compliance, and wave reflection, providing physiologically interpretable vascular information. Advances in signal processing and interpretable machine learning have shifted PPG analysis from descriptive morphology to feature-driven clinical prediction. Integrating waveform metrics—such as systolic amplitude, contour sharpness, and harmonic energy distribution—with demographic variables enables transparent modeling of blood-pressure status. Objective – To develop an interpretable machine-learning model for classifying systolic blood pressure (SBP) status using physiological and morphological features derived from a single PPG signal. Methods – We analyzed 860 participants and extracted waveform-derived and clinical features from 90-second fingertip PPG recordings. A LASSO-regularized logistic regression model with fivefold cross-validation was used for feature selection and classification, and model interpretability was assessed using SHAP values. Results – The final model achieved an AUC of 0.83 (95% CI 0.79–0.87), an F1-score of 0.83, and a Cohen’s d of 1.39. Five predictors were retained: age, BMI, P1 amplitude, waveform sharpness (1_10), and harmonic ratio (H2/H1). Higher P1, greater waveform sharpness, and higher BMI were positively associated with elevated SBP, whereas H2/H1 was negatively associated. Conclusion – An interpretable PPG-based model using physiologically meaningful features can distinguish hypertensive from normotensive individuals and may serve as a practical digital screening tool for elevated systolic blood pressure. Copyright © 2026 Lin, Wang, Chao, Lin, Chang, Lu, Lin and Ko.",2026
756,"Despite many years of ongoing research into cardiovascular biomarkers, cTn and NP currently remain the most accurate laboratory parameters for the routine laboratory diagnosis of myocardial injury or myocardial stress. Despite a number of interesting candidate biomarkers, it will be difficult to replace or supplement them with additional biomarker testing that would lead to clinically meaningful improvements in diagnosis and risk stratification. Alongside blood count, C-reactive protein,17and D-Dimer,18,19they form the basis of laboratory testing for the evaluation of patients presenting to the emergency department with acute chest discomfort or dyspnoea (Graphical abstract). This panel's sensitivity for detecting life-threatening diseases is difficult to outperform. Additional biomarkers, however, could significantly improve the specificity of detecting specific cardiovascular diseases. For example, they could increase the specificity of hs-cTn testing for the detection of type 1 AMI. In this respect, cTn composition testing is promising. However, proteomic techniques continue to foster discovery with the hope to identify novel biomarkers to advance the care of patients with acute cardiovascular diseases. © The Author(s) 2025. Published by Oxford University Press on behalf of the European Society of Cardiology. All rights reserved.",2025
23,"Purpose: In India, myocardial infarction (MI) is a significant cause of mortality related to cardiovascular diseases. Timely diagnosis is critical for addressing this issue. While prior studies have concentrated on digital electrocardiogram (ECG) data, the presence of noise and artifacts in paper electrocardiogram is not well addressed in the literature. So, it is important to incorporate a more diverse range of data to understand the intricacies involved in MI diagnosis comprehensively. Methods: This paper proposes an approach for MI and non-MI classification and cardiac rhythm classification using ECG. Modified versions of GoogleNet-Gated Recurrent Unit (GRU) and ResNet50- Bidirectional Long Short-Term Memory (BiLSTM) models were utilized for MI/non-MI and cardiac rhythm classification, respectively. Three different datasets (PTB-XL (dataset 1), ECG images of cardiac patients’ data samples (dataset 2), and hospital paper ECG (dataset 3) were used for training the datasets, and final testing was done on digitized hospital paper ECG. Results: The proposed model achieved 88.8% accuracy on the PTB-XL dataset for MI/non-MI classification but showed performance disparity on dataset 3 test data. After a training-retraining process on datasets 2 and 3 and testing on dataset 3 test data, the model showed an accuracy of 92.50% with a balanced performance. For five-class cardiac rhythm classification, the proposed model attained 93.50% accuracy. Conclusion: Retraining models on diverse datasets enhances generalization to real-world scenarios. The study’s findings emphasize the importance of incorporating various data sources to improve model robustness and reliability in clinical applications. The developed application facilitates the seamless integration of digitization and classification processes for enhanced diagnostic accuracy. © Indian Association of Cardiovascular-Thoracic Surgeons 2026.",2026
591,"Background: Ethnic differences in coronary atherosclerosis remain to be fully elucidated. We aimed to assess quantitative plaque characteristics from coronary CT Angiography (CCTA) in relation to ethnicity and cardiovascular risk factors in a multi-ethnic asymptomatic US population. Methods: This cross-sectional study retrospectively evaluated 388 asymptomatic patients selected from a prospective CCTA registry. A total of 194 patients from ethnic minority groups (Asian, African American, and Hispanic) were matched by age, sex, and cardiovascular risk factors to 194 White patients. Quantitative plaque volumes—including total plaque, non-calcified plaque, low-attenuation non-calcified plaque (<30 Hounsfield Units [HU]), and calcified plaque—were measured using artificial intelligence-enabled software. Pericoronary adipose tissue attenuation (PCAT) was also assessed and reported in Hounsfield Units (HU). Results: The total study population included 388 patients (age 59.9±11.7 years, 68% male), of which 63% had coronary atherosclerosis with total plaque volumes of 149[IQR 50-438] mm3, driven predominantly by non-calcified plaque (122, IQR 27-369) mm3. Men presented higher volumes of all plaque components compared to women (P<0.05). In multivariable analysis adjusted for cardiovascular risk factors, only African American patients were associated with lower total plaque (β=-89.2, P=0.036), calcified (β=-26.1, P=0.015), and non-calcified plaque volumes (β=-62.7, P=0.022). African American patients were also associated with higher PCAT (β=5.8, P<0.001), along with family history of coronary artery disease (β=2.1, P=0.04). Conclusions: Our study showed a uniformly high prevalence of atherosclerosis in this asymptomatic cohort, with lower plaque volumes of all sub-components in women. African American patients were associated with lower quantitative plaque volumes (total, non-calcified and calcified) but with higher PCAT compared to White patients; with no significant differences observed among other ethnic minorities. © 2025",2025
888,"Background: The analysis of cardiovascular borders (CVBs) in chest x-rays (CXRs) traditionally relied on subjective assessment and does not have established normal ranges. Objectives: The authors aimed to develop a deep learning-based method for quantifying CVBs on CXRs and to explore its clinical utility. Methods: This study used a prevalidated deep learning to analyze CVBs. A total of 96,129 normal CXRs from 4 sites were used to establish age- and sex-specific normal ranges of CVBs. The quantified CVBs were standardized into z-scores for newly inputted CXRs. The clinical utility of the z-score analysis was tested using 44,567 diseased CXRs from 3 sites (9,964 valve disease; 32,900 coronary artery disease; 1,299 congenital heart disease; 294 aortic aneurysm; 110 mediastinal mass). Results: For distinguishing valve disease from normal controls, the area under the receiver operating characteristic curve for the cardiothoracic ratio was 0.80 (95% CI: 0.80-0.80), while the combination of right atrium and left ventricle borders had an area under the receiver operating characteristic curve of 0.83 (95% CI: 0.83-0.83). Between mitral and aortic stenosis, z-scores of CVBs were significantly different in the left atrial appendage (1.54 vs 0.33, P < 0.001), carinal angle (1.10 vs 0.67, P < 0.001), and ascending aorta (0.63 vs 1.02, P < 0.001), reflecting disease pathophysiology. Cardiothoracic ratio was independently associated with a 5-year risk of death or myocardial infarction in the coronary artery disease (z-score ≥2, adjusted HR: 3.73 [95% CI: 2.09-6.64], reference z-score <−1). Conclusions: Deep learning-derived z-score analysis of CXR showed potential in classifying and stratifying the risk of cardiovascular abnormalities. © 2025 The Authors",2025
464,"Background: The severity and extent of whole heart coronary plaque volume and stenosis can be reliably measured by artificial intelligence–guided quantitative coronary computed tomography angiography (AI-QCT). Limited data are available on the potential incremental prognostic value compared with currently recommended qualitative coronary computed tomography angiography (CTA) reads and the coronary artery calcium score (CACS). Objectives: The aim of this study was to evaluate the prognostic value of AI-QCT compared with human coronary CTA reads, including the CAD-RADS (Coronary Artery Disease–Reporting and Data System), CACS, and the modified Duke Index. Methods: CONFIRM2 (Quantitative COroNary CT Angiography Evaluation For Evaluation of Clinical Outcomes: An InteRnational, Multicenter Registry) is a multicenter, international, observational cohort study of patients undergoing clinically indicated coronary CTA with follow-up for major adverse cardiac events (MACE). Asymptomatic patients and those with cardiac history were excluded. Coronary artery disease presence, extent, and composition were quantified by AI-QCT across the coronary tree, yielding 24 patient-, vessel-, and plaque-level variables. On the basis of prior analyses, noncalcified plaque burden and diameter stenosis were identified as the strongest predictors and combined for statistical modeling as “AI-QCT.” Comparator computed tomography scores included CAD-RADS, CACS, and the modified Duke Index, whereas clinical predictors were summarized in the risk factor–weighted clinical likelihood score. Area under the curve (AUC) and continuous net reclassification index (NRI) were calculated to assess the incremental value. The primary endpoint was MACE (death, myocardial infarction [MI], stroke, heart failure, late revascularization, or hospital stay for unstable angina), and the secondary endpoint was death or MI. Results: In 1,916 patients with all risk scores available, 87 (4.5%) MACE and 27 (1.4%) death/MI events occurred during 3 years of follow-up. There was a stepwise risk increase with higher coronary artery disease classifications with CAD-RADS and CACS. The addition of AI-QCT significantly improved risk stratification for MACE compared with CAD-RADS (AUC: 0.81 vs 0.79; P < 0.001 and NRI: 0.47; P < 0.001), CACS (AUC: 0.79 vs 0.70; P < 0.001 and NRI 0.61; P < 0.001), the modified Duke Index (AUC: 0.81 vs 0.76; P < 0.001 and NRI: 0.52; P < 0.001), and CAD-RADS + CACS model (AUC: 0.81 vs 0.79; P = 0.004 and NRI: 0.54; P < 0.001). AI-QCT also improved discrimination when results were adjusted for the risk factor–weighted clinical likelihood and for the prediction of death/MI. Excluding 195 patients with severe stenosis (≥70%), in a multivariable model of CAD-RADS and AI-QCT, only AI-QCT was significantly associated with MACE and death/MI, and AI-QCT significantly improved risk stratification compared with CAD-RADS for MACE (AUC: 0.77 vs 0.72; P < 0.001 and NRI: 0.54; P < 0.001) and death/MI (AUC: 0.81 vs 0.73; P = 0.011 and NRI: 0.69; P = 0.001). Conclusions: AI-QCT provided incremental prognostic information compared with CAD-RADS 2.0, CACS, and the modified Duke Index for the prediction of MACE as well as the secondary endpoint of death or nonfatal MI. © 2026 The Authors",2026
1097,"Background: The risk of spinal cord ischemia (SCI) with aortic aneurysm repair can cause significant neurological morbidity. Prevention of SCI is critical. We sought to identify risk factors that predispose to SCI that may guide strategies to mitigate the occurrence of SCI during and following these procedures. Methods: This study includes all adults who underwent atraumatic, unruptured, thoracic, and suprarenal aortic aneurysm repairs (endovascular or open) at our institution over 11 years (2010–2020). Our database included patient demographics, aneurysm anatomic features, and operative characteristics and an extreme gradient boost (XGB) machine method was used to develop a predictive model for SCI. The model was trained on an 80% randomly stratified cohort of the data and tested on the remaining 20% testing cohort. Shapley values were used to determine the most important predictive factors of SCI and decision trees were used to identify risk factor threshold values and highest risk factor combinations. Results: Information was collected for 174 adult patients undergoing thoracic and suprarenal aortic repair from 2010 to 2020. Fifty eight percent of the patients were male. Ninety seven (55.7%) patients had open aortic repair and 87 (44.3%) had endovascular repair. Twenty seven (15%) of all patients had major complications and were considered to have SCI. The XGB model converged over the training cohort with a testing cohort accuracy of 0.841 [Sensitivity = 75%, Specificity = 68%] and area under the curve of receiver operating characteristic of 0.774. The XGB model identified older age (> 65 years), history of neurologic disease, hyperlipidemia, diabetes, coronary artery disease, heart failure, poor renal function, < 6 months since last aortic repair, chronic anticoagulant use, preoperational anemia (Hemoglobin < 9), thrombocytopenia (platelet < 90,000), coagulopathy (prothrombin time > 15s and activated partial thromboplastin time > 40s), hypotension (mean arterial pressure < 70 mm Hg), longer operations (> 100 min), aneurysms longer than 5 cm, and anatomic location of aneurysm caudal to T-11 as risk factors for SCI in all types of aortic repair. Diabetic and heart failure patients undergoing longer operations (> 100 min) with thrombocytopenia or aneurysms longer than 5 cm were at the highest risk. Conclusions: The XGB model accurately identified risk factors of SCI with aortic aneurysm repair that may guide patient selection, timing of surgery, and strategies to minimize the risk of SCI. © 2022 Elsevier Inc.",2023
1134,"(1) Objective: This study aimed to construct a machine learning model for predicting the prognosis of ischemic stroke patients who underwent thrombolysis, assessed through the modified Rankin Scale (mRS) score 90 days after discharge. (2) Methods: Data were sourced from Qatar’s stroke registry covering January 2014 to June 2022. A total of 723 patients with ischemic stroke who had received thrombolysis were included. Clinical variables were examined, encompassing demographics, stroke severity indices, comorbidities, laboratory results, admission vital signs, and hospital-acquired complications. The predictive capabilities of five distinct machine learning models were rigorously evaluated using a comprehensive set of metrics. The SHAP analysis was deployed to uncover the most influential predictors. (3) Results: The Support Vector Machine (SVM) model emerged as the standout performer, achieving an area under the curve (AUC) of 0.72. Key determinants of patient outcomes included stroke severity at admission; admission systolic and diastolic blood pressure; baseline comorbidities, notably hypertension (HTN) and coronary artery disease (CAD); stroke subtype, particularly strokes of undetermined origin (SUO); and hospital-acquired urinary tract infections (UTIs). (4) Conclusions: Machine learning can improve early prognosis prediction in ischemic stroke, especially after thrombolysis. The SVM model is a promising tool for empowering clinicians to create individualized treatment plans. Despite limitations, this study contributes to our knowledge and encourages future research to integrate more comprehensive data. Ultimately, it offers a pathway to improve personalized stroke care and enhance the quality of life for stroke survivors. © 2023 by the authors.",2023
453,"Background: Mozambique has a high burden of tuberculosis (TB) and in 2021, an estimated 18,000 persons with TB nationwide were not diagnosed. Estimates suggest that globally 47% of TB disease in prisons is undiagnosed. We implemented an integrated-care model health intervention to enhance the diagnosis and treatment of TB disease, provide TB preventive treatment (TPT), and identify and treat other undiagnosed health conditions in three prisons in Maputo, Mozambique. Methods: From July 11, 2023, through the second quarter of 2024, we systematically screened for TB using digital chest X-rays with computer-aided detection (DCXR-CAD). This was combined with symptom screening in a parallel algorithm. We conducted clinical assessments for other health conditions and delivered TPT. Graphs visually compare TB case notification trends with two control prisons, which continued the usual standard of care, symptom screening for TB. An interrupted time series (ITS) analysis was used to evaluate TB case notification counts before and after the intervention in the intervention prisons. Results: Of 7912 individuals screened, 264 new diagnoses of TB disease were notified, a TB screening yield of 3.34% and a number needed to screen of 30, and 1346 persons were initiated on TPT. Other conditions diagnosed and treated include HIV (28), malnutrition (830), and skin conditions (462). TB case notifications were higher in the intervention prisons during the intervention than in the preceding period in the same prisons. Comparing case notifications during the intervention with an equivalent period prior to the intervention showed an increase of about 52% in intervention prisons but a decrease in control prisons by the same magnitude. The ITS analysis found the effect of the intervention on TB case notification counts statistically significant in two of the intervention prisons: (incidence rate ratio [IRR] 3.96, 95% confidence interval [CI] 1.51–10.40; p = 0.005) and (IRR 6.17, 95% CI 2.17–17.55; p < 0.001). Conclusions: Strengthening local infrastructure and implementing DCXR-CAD for screening likely contributed to a higher TB yield in the intervention prisons. Screening and diagnosing TB, delivering TB disease treatment and prevention, and addressing other health conditions simultaneously in this vulnerable population were feasible and important. © The Author(s) 2026.",2026
168,"Background For patients undergoing surgical valve procedures with concomitant coronary artery disease, current guidelines recommend that coronary artery bypass grafting (CABG) should be anatomically guided on the basis of stenosis severity, as assessed by coronary angiography. We aimed to test whether a physiologically guided strategy using angiography-derived fractional flow reserve (FFR) could improve clinical outcomes in this population. Methods FAVOR IV-QVAS is an investigator-initiated, multicentre, randomised, triple-blind trial done at 12 tertiary hospitals in China. Eligible patients were aged 18 years or older and were scheduled for valve surgery, with at least one clinically significant stenosis in a major coronary artery. Patients were randomly assigned (1:1) to undergo physiologically guided CABG (for lesions with an angiography-derived FFR value ≤0·80) or anatomically guided CABG (for lesions with a stenosis diameter ≥50% on coronary angiography). Randomisation was done using a web-based program and stratified by site with fixed blocks of four. Patients, surgeons, follow-up physicians, and outcome assessors were masked to treatment allocation. The primary outcome was a composite of death, myocardial infarction, stroke, unplanned coronary revascularisation, and new renal failure requiring dialysis within 30 days after surgery. The key secondary outcome was a composite of death, myocardial infarction, stroke, unplanned coronary revascularisation, and hospitalisation for unstable angina or heart failure at a minimum follow-up of 1 year. The primary analysis of the primary and key secondary outcomes was done in a modified intention-to-treat population that included all randomly assigned patients who underwent surgery and had available data for the primary outcome. Missing data for the primary outcome were planned to be analysed using complete-case analysis or multiple imputation, with a proportion of missing data of 2% as the threshold. This trial is registered at ClinicalTrials.gov (NCT03977129); extended follow-up is ongoing. Findings Between Aug 4, 2019, and Aug 13, 2024, 793 patients were enrolled. 396 were randomly assigned to the angiography-derived FFR group and 397 to the coronary angiography group; one patient in the coronary angiography group declined surgery and was excluded from the modified intention-to-treat population. The median age was 65 years (IQR 59–70), 221 (28%) patients were female, and 571 (72%) were male. Concomitant CABG was done in 223 (56%) patients in the angiography-derived FFR group and in 388 (98%) patients in the coronary angiography group. The primary outcome occurred in 31 (7·8%) patients in the angiography-derived FFR group and 53 (13·4%) in the coronary angiography group (absolute difference –5·6 percentage points [95% CI –9·9 to –1·3]; risk ratio 0·58 [95% CI 0·38 to 0·89]; p=0·011). Death within 30 days occurred in 11 (2·8%) patients in the angiography-derived FFR group and 17 (4·3%) patients in the coronary angiography group. At a median follow-up of 27 months (28 months [IQR 18–44] in the angiography-derived FFR group and 27 months [18–42] in the coronary angiography group), the key secondary outcome occurred in 82 (20·7%) patients in the angiography-derived FFR group and in 106 (26·8%) patients in the coronary angiography group (hazard ratio 0·74 [95% CI 0·55–0·98]; p=0·036). Interpretation Among patients undergoing valve surgery with concomitant coronary artery disease, physiologically guided CABG using angiography-derived FFR reduced the incidence of the composite perioperative outcome compared with anatomically guided CABG. These findings support a selective approach to surgical coronary revascularisation guided by physiological assessment in patients undergoing valve procedures. Funding Shanghai Hospital Development Center, Shanghai Municipal Science and Technology Commission, and Ministry of Science and Technology of the People&apos;s Republic of China. © 2026 Elsevier Ltd.",2026
858,"Aims: The efficacy of intensive blood pressure (BP) control remains controversial, and the variability of HbA1c was a risk factor for macrovascular events in patients with type 2 diabetes. We investigated whether the HbA1c variability modifies the efficacy of intensive BP control. Methods: Data from the Action to Control Cardiovascular Risk in Diabetes Blood Pressure (ACCORD-BP) trial was utilized. K-means clustering was used to cluster patients into three groups based on the HbA1c variability score and baseline HbA1c values. Cox proportional hazard models and generalized linear models were used to measure the subgroup differences in intensive BP control treatment effects. The primary outcome was a composite of nonfatal myocardial infarction (MI), stroke, or death from cardiovascular causes. Results: In patients with low HbA1c variability rather than medium or high HbA1c variability, intensive BP control reduced the risk of the primary outcome on a relative scale (HR 0.60, 95%CI 0.40–0.90, p interaction was 0.03), non-fatal MI (HR 0.61, 95% CI 0.37–1.00, p interaction was 0.04) and stroke (HR 0.19, 95%CI 0.05–0.64, p interaction was 0.02) or absolute scale. Regardless of the variability group, intensive BP control did not reduce the risk of cardiovascular or all-cause mortality (p interaction >0.05) both on relative and absolute risk scales. Conclusion: HbA1c variability had effect on the efficacy of intensive BP control and intensive BP control brought a significant macrovascular benefit in patients with type 2 diabetes and low HbA1c variability. © 2024 The Author(s). Diabetes, Obesity and Metabolism published by John Wiley & Sons Ltd.",2025
754,"Background: Balanced steady-state free precession (bSSFP) imaging is commonly used in cardiac cine MRI but prone to image artifacts. Ferumoxytol-enhanced (FE) gradient echo (GRE) has been proposed as an alternative. Utilizing the abundance of bSSFP images to develop a computationally efficient network that is applicable to FE GRE cine would benefit future network development. Purpose: To develop a variable-splitting spatiotemporal network (VSNet) for image reconstruction, trained on bSSFP cine images and applicable to FE GRE cine images. Study Type: Retrospective and prospective. Subjects: 41 patients (26 female, 53 ± 19 y/o) for network training, 31 patients (19 female, 49 ± 17 y/o) and 5 healthy subjects (5 female, 30 ± 7 y/o) for testing. Field Strength/Sequence: 1.5T and 3T, bSSFP and GRE. Assessment: VSNet was compared to VSNet with total variation loss, compressed sensing and low rank methods for 14× accelerated data. The GRAPPA×2/×3 images served as the reference. Peak signal-to-noise-ratio (PSNR), structural similarity index (SSIM), left ventricular (LV) and right ventricular (RV) end-diastolic volume (EDV), end-systolic volume (ESV), and ejection fraction (EF) were measured. Qualitative image ranking and scoring were independently performed by three readers. Latent scores were calculated based on scores of each method relative to the reference. Statistics: Linear mixed-effects regression, Tukey method, Fleiss' Kappa, Bland–Altman analysis, and Bayesian categorical cumulative probit model. A P-value <0.05 was considered statistically significant. Results: VSNet achieved significantly higher PSNR (32.7 ± 0.2), SSIM (0.880 ± 0.004), rank (2.14 ± 0.06), and latent scores (−1.72 ± 0.22) compared to other methods (rank >2.90, latent score < −2.63). Fleiss' Kappa was 0.52 for scoring and 0.61 for ranking. VSNet showed no significantly different LV and RV ESV (P = 0.938) and EF (P = 0.143) measurements, but statistically significant different (2.62 mL) EDV measurements compared to the reference. Conclusion: VSNet produced the highest image quality and the most accurate functional measurements for FE GRE cine images among the tested 14× accelerated reconstruction methods. Level of Evidence: 3. Technical Efficacy: Stage 1. © 2024 The Authors. Journal of Magnetic Resonance Imaging published by Wiley Periodicals LLC on behalf of International Society for Magnetic Resonance in Medicine.",2024
1165,"Prevention and effective treatment of cardiovascular disease are progressive issues that grow in tandem with the average age of the world population. Over recent decades, the potential role of artificial intelligence in cardiovascular medicine has been increasingly recognized because of the incredible amount of real-world data (RWD) regarding patient health status and healthcare delivery that can be collated from a variety of sources wherein patient information is routinely collected, including patient registries, clinical case reports, reimbursement claims and billing reports, medical devices, and electronic health records. Like any other (health) data, RWD can be analysed in accordance with high-quality research methods, and its analysis can deliver valuable patient-centric insights complementing the information obtained from conventional clinical trials. Artificial intelligence application on RWD has the potential to detect a patient's health trajectory leading to personalized medicine and tailored treatment. This article reviews the benefits of artificial intelligence in cardiovascular prevention and management, focusing on diagnostic and therapeutic improvements without neglecting the limitations of this new scientific approach.  © Copyright 2023 Italian Federation of Cardiology - I.F.C. All rights reserved.",2023
361,"Background: Material/Methods: Results: Conclusions: This study aimed to evaluate the effect of SnapShot Freeze 2 (SSF2) on reducing pulsation artifacts in coronary artery imaging of patients with high heart rates, compared with SnapShot Freeze (SSF) and not using SSF (no-SSF). End-diastolic (70-80% phase) and end-systolic (40-50% phase) images from 50 patients with heart rates above 80 bpm who underwent coronary computed tomography angiography (CCTA) in the Department of Radiology at our hospital between January and June 2023 were included. Subjective, objective, and artificial intelligence (AI)–enabled assessments were performed to evaluate image quality across coronary artery segments, artifact indices, and number of coronary artery segments detected by the AI system for images processed with each algorithm. SSF2 yielded significantly higher subjective image-quality scores than SSF and no-SSF in both diastolic and systolic phases (all P<0.001). The artifact index was significantly lower in SSF2 images (F=25.645, P<0.05 for diastolic phases; F=6.959, P<0.05 for systolic phases). In the AI-enabled evaluation, SSF2 images contained significantly more analyzable coronary artery segments than those reconstructed with SSF or without motion correction (all P<0.05), indicating improved image interpretability after SSF2 reconstruction. SSF2 may improve coronary artery image quality and reduce motion artifacts in patients with high heart rates during CCTA. These findings suggest that SSF2 enhances both subjective assessment and AI-based diagnostic performance, although further multicenter studies are warranted to confirm its clinical impact. © Med Sci Monit, 2026;.",2026
237,"Background: Coronary artery disease (CAD) progression has been examined mainly in cohorts enriched for major adverse cardiovascular events (MACE), a high burden of traditional risk factors, or prior exposure to risk-modifying therapies. In contrast, plaque progression is poorly described in patients without prior MACE and receiving no anti-atherosclerotic treatment who undergo cardiac computed tomography angiography (CCTA) for clinical indications. We therefore investigated atherosclerosis progression in this understudied population using serial CCTA. Methods: The NATURE-CT study retrospectively identified 205 participants from two outpatient cardiovascular imaging centers in Los Angeles. Eligible participants had ​≥ ​two clinically indicated CCTAs at least 24 months apart, had a baseline coronary artery calcium score (CAC) ​≤ ​100, and experienced no interim MACE. Use of lipid-lowering or other anti-atherosclerotic medications was absent between scans. Individuals with diabetes mellitus, familial hypercholesterolemia, or chronic kidney disease were excluded. Plaque volume and luminal stenosis on each scan were quantified with a validated artificial-intelligence quantitative CT platform (AI-QCT; Cleerly Labs). The primary endpoint was the annualized change in total plaque volume (mm3 per year). Results: The cohort had a mean age of 54.9 ​± ​10.2 years and 72% were White men; 24 % had hypertension, 28 % dyslipidemia, and 15 % were current or former smokers. Mean baseline LDL was 111.6 ​± ​32.0 ​mg/dL. The median time between CCTA scans was 4.9 ​± ​2.2 years. At baseline, 54% had a CAC ​= ​0. Median non-calcified plaque volumes increased from 27.5 ​mm3 [interquartile range [IQR]: 10.1–55.5] to 53.5 ​mm3 [24.0–97.9], with an annualized change of 4.9 ​mm3/year [1.4–9.6]. Calcified plaque volume increased from 0.3 ​mm3 [0.0–5.7] to 3.2 ​mm3 [0.1–18.2], with an annualized change of 0.4 ​mm3/year [0.0–2.4]. Low attenuation plaque (LAP) was present in 9% at baseline, and 23% at follow-up. Rapid plaque progression (annual percent atheroma volume (PAV) ​≥ ​1 % per PARADIGM) occurred in 6 participants (3 %), while 23 participants (11 %) exhibited an annual PAV increase ≥0.59 % (PARADIGM-derived intermediate threshold). Conclusion: Over a median 5-year interval, atherosclerotic burden increased even in patients with minimal baseline CAC, no prior MACE, and no lipid-lowering therapy. Non-calcified plaque accumulated faster than calcified plaque. While rare in healthy individuals, LAP became more prevalent, and a small subset experienced rapid plaque progression. © 2026 The Authors",2026
1265,"Background: The purpose of this study was to develop and validate a machine learning (ML) based prediction model for the risk of heart failure (HF) in patients with prediabetes or diabetes. Methods: We used 3527 subjects aged 40 years and older with a prior diagnosis of prediabetes or diabetes from the National Health and Nutrition Examination Survey (NHANES) from 2007 to 2018. The search for independent risk variables linked to HF was conducted using univariate and multivariable logistic regression analysis. The 3527 subjects were randomly divided into training set and validation set in a 7:3 ratio. Five ML models were built on the training set using five ML algorithms, including random forest (RF), and then validated on the validation set. Receiver operating characteristic (ROC) curves, calibration curves, and decision curve analysis and Bootstrap resampling method were used to measure the predictive performance of the five ML models. Results: Multivariate logistic regression analysis showed that age, poverty-to-income ratio, myocardial infarction condition, coronary heart disease condition, chest pain condition, and glucose-lowering medication use were independent predictors of HF. By comparing the performance of the five ML models, the RF model (AUC = 0.978) was the best prediction model. Conclusions: The risk of HF in middle-aged and elderly patients with prediabetes or diabetes can be accurately predicted using ML models. The best prediction performance is presented by RF model, which can assist doctors in making clinical decisions. © 2023 The Authors. Clinical Cardiology published by Wiley Periodicals LLC.",2023
792,"Introduction An evidence-based selection between fractional flow reserve (FFR) and optical coherence tomography (OCT) to drive percutaneous coronary intervention is still lacking. Methods Patients enrolled in the Fractional Flow Reserve vs. Optical Coherence Tomography to Guide Revascularization of Intermediate Coronary Stenoses (FORZA) trial and in the OCT-Features Of moRphology, coMposItion anD instABility of culprit and not culprit coronary pLaquE in ACS patient (OCT-FORMIDABLE) registry were included. Target vessel revascularisation (TVR) and major adverse cardiac events (MACE), a composite endpoint of cardiac death, myocardial infarction (MI) and TVR were considered as coprimary endpoints. Phenomapping with clustering was performed: incidence of outcomes according to FFR and OCT was explored. Results 405 patients were treated according to OCT and 405 to FFR. Three different clusters were identified. 48% of the patients were included in the first cluster, presenting mainly with stable angina and a relevant burden of risk factors (cardiovascular risk factors, CVRFs). 21% of the patients were included in the second cluster, presenting with ST segment elevation MI (STEMI) and with low rates of CVRFs. 31% of the patients, being admitted mostly for non-STEMI (NSTEMI) and with high rates of CVRFs, were included in the third cluster. FFR and OCT performed similarly in terms of MACE and TVR in the first cluster. In the second cluster, rates of MACE were lower in the OCT arm (3% vs 12%, p 0.04), mainly driven by TVR (2% vs 6%, p 0.18). In the third cluster, rates of TVR were significantly reduced in the OCT arm (6% vs 14%, p 0.037) with a neutral impact on MACE (12% vs 15%, p 0.71). Conclusions Compared with a functional assessment, an OCT-based approach reduces revascularisation in patients with STEMI/NSTEMI, while FFR proved non-inferior for patients with stable angina. © Author(s) (or their employer(s)) 2025. Re-use permitted under CC BY-NC. No commercial re-use. See rights and permissions. Published by BMJ Group.",2025
438,"Background: Artificial intelligence–enabled coronary plaque analysis (AI-CPA) has been shown to improve cardiovascular risk prediction. However, little is known about how these measures influence management. Objectives: This study sought to define changes in management guided by AI-CPA as compared with management guided by measures of nonobstructive and obstructive stenosis on coronary computed tomographic angiography (CTA) alone. Methods: The DECIDE (AI [Artificial Intelligence]-DErived Plaque Quantification: Coronary CTA and AI-QCPA [Artificial Intelligence-Derived Quantitative Coronary Plaque Analysis] for Determining Effective CAD [Coronary Artery Disease] Management) registry is a prospective, observational, pre-post interventional substudy. The substudy includes delayed release of AI-CPA findings to treating physicians until 90 days after the index coronary CTA, followed by an additional 90 days of follow-up. The primary outcome is change in management: modification of preventive/anti-ischemic therapies, new laboratory testing, referral to a specialist, or referral to stress testing/invasive coronary angiography post AI-CPA. Results: A total of 972 symptomatic patients with atherosclerotic plaque were enrolled (median age 64 years [Q1-Q3: 56-72 years], and 50.2% were women). Changes in management following the availability of AI-CPA occurred in 51.3% (95% CI: 48.2%-54.5%) of participants and were more frequent in patients with more extensive plaque (up to 67.8% in the highest stage; P < 0.001). Intensifying medical therapy was the most common management change, occurring in 35.6% of participants. Participants with management changes realized greater reductions in low-density lipoprotein cholesterol than did patients without these changes (−11 mg/dL [Q1-Q3: −42.5 to 4 mg/dL] vs 1 mg/dL [Q1-Q3: −18 to 14 mg/dL]; P = 0.002). Conclusions: The DECIDE registry supports that AI-CPA was associated with preventive management changes, especially intensification of care for patients with more extensive plaque. Randomized trials to explore the utility of AI-CPA are warranted. (AI-DErived Plaque Quantification: Coronary CTA and AI-QCPA for Determining Effective CAD Management [DECIDE]; NCT06376851) © 2026 The Authors",2026
1392,"Objective: Complications after Endovascular Aneurysm Repair (EVAR) can be fatal. Patient follow-up for surveillance imaging is becoming more challenging as fewer patients are seen, particularly after the first year. The aim of this study was to develop an artificial intelligence model to predict the complication probability of individual patients to better identify those needing more intensive post-operative surveillance. Methods: Pre-operative CTA 3D reconstruction images of AAA from 273 patients who underwent EVAR from 2011-2020 were collected. Of these, 48 patients had post-operative complications including endoleak, AAA rupture, graft limb occlusion, renal artery occlusion, and neck dilation. A deep convolutional neural network model (VascAI©) was developed which utilized pre-operative 3D CT images to predict risk of complications after EVAR. The model was built with TensorFlow software and run on the Google Colab Platform. An initial training subset of 40 randomly selected patients with complications and 189 without were used to train the AI model while the remaining 8 positive and 36 negative cases tested its performance and prediction accuracy. Data down-sampling was used to alleviate data imbalance and data augmentation methodology to further boost model performance. Results: Successful training was completed on the 229 cases in the training set and then applied to predict the complication probability of each individual in the held-out performance testing cases. The model provided a complication sensitivity of 100% and identified all the patients who later developed complications after EVAR. Of 36 patients without complications, 16 (44%) were falsely predicted to develop complications. The results therefore demonstrated excellent sensitivity for identifying patients who would benefit from more stringent surveillance and decrease the frequency of surveillance in 56% of patients unlike to develop complications. Conclusion: AI models can be developed to predict the risk of post-operative complications with high accuracy. Compared to existing methods, the model developed in this study did not require any expert-annotated data but only the AAA CTA images as inputs. This model can play an assistive role in identifying patients at high risk for post-EVAR complications and the need for greater compliance in surveillance. © The Author(s) 2023.",2024
99,"BACKGROUND: Blood-based biomarkers for stroke subtyping could improve triage in emergency settings. We used cross-platform proteomics to identify plasma biomarkers differentiating major stroke diagnostic groups. METHODS: We conducted a case–control study using 2 biorepositories. Plasma was collected in the emergency department from adults with suspected stroke before therapeutic intervention. Differentially enriched proteins were identified across acute ischemic stroke, intracerebral hemorrhage, transient ischemic attack, and stroke mimics using SomaScan discovery proteomics (Grady). Differentially enriched proteins were nominated using pairwise and multigroup comparisons and adjusted for clinical covariates. Protein panels were created using least absolute shrinkage and selection operator logistic regression. Internal validation used repeated nested cross-validation (rCV) and targeted mass spectrometry (MS), while external validation used data-independent acquisition mass spectrometry in an independent cohort (Yale). RESULTS: We included 100 subjects (40 with acute ischemic stroke, 20 with intracerebral hemorrhage, 20 with transient ischemic attack, 20 with stroke mimics) in discovery and 80 subjects (20 per group) in external validation cohorts. SomaScan quantified 7307 proteins, of which 61 differentiated stroke subtypes. We identified 7 protein classifiers for acute ischemic stroke (rCV-area under the curve, 0.82 [95% CI, 0.78–0.86]), 6 for intracerebral hemorrhage (rCV-area under the curve, 0.70 [95% CI, 0.64–0.76]), 8 for transient ischemic attack (rCV-area under the curve, 0.78 [95% CI, 0.73–0.84]), and 7 for stroke mimics (rCV-area under the curve, 0.81 [95% CI, 0.77–0.86]). Targeted proteomics internally validated 11 proteins, and data-independent acquisition-mass spectrometry externally validated 32 proteins, including VTN (vitronectin), PLG (plasminogen), and S100A9 as top stroke mimics, transient ischemic attack, and intracerebral hemorrhage classifiers. CONCLUSIONS: This study highlights plasma proteomics as a valuable tool for discovering protein biomarkers of stroke diagnosis. These findings support further validation in larger, multicenter cohorts to facilitate biomarker-guided stroke diagnosis in acute care. © 2026 The Author(s). Published on behalf of the American Heart Association, Inc., by Wiley. This is an open access article under the terms of the Creative Commons Attribution-NonCommercial-NoDerivs License, which permits use and distribution in any medium, provided the original work is properly cited, the use is non-commercial and no modifications or adaptations are made. JAHA is available at: www.ahajournals.org/journal/jaha",2026
1370,"Background and Aims: As the population of aging societies continues to grow, the prevalence of complex coronary artery diseases, including calcification, is expected to increase. Rotational atherectomy (RA) is an essential technique for treating calcified lesions. This study aimed to assess the usefulness of the drilling noise produced during rotablation as a parameter for evaluating the safety and effectiveness of the procedure. Methods: A human body model mimicking calcified stenotic coronary lesions was constructed using plastic resin, and burrs of sizes 1.25 and 1.5 mm were utilized. To identify the noise source during rotablation, we activated the ROTAPRO™ rotablator at a rotational speed of 180,000 rpm, recording the noise near the burr (inside the mock model) and advancer (outside). In addition to regular operation, we simulated two major complications: burr entrapment and guidewire transection. The drilling noise recorded in Waveform Audio File Format files was converted into spectrograms for analysis and an autoencoder analyzed the image data for anomalies. Results: The drilling noise from both inside and outside the mock model was predominantly within the 3000 Hz frequency domain. During standard operation, intermittent noise within this range was observed. However, during simulated complications, there were noticeable changes: a drop to 2000 Hz during burr entrapment and a distinct squealing noise during guidewire transection. The autoencoder effectively reduced the spectrogram data into a two-dimensional representation suitable for anomaly detection in potential clinical applications. Conclusion: By analyzing drilling noise, the evaluation of procedural safety and efficacy during RA can be enhanced. © 2023 The Authors. Health Science Reports published by Wiley Periodicals LLC.",2023
829,"Background: The versatility of cardiac magnetic resonance (CMR) leads to complex and time-consuming interpretation. Large language models (LLMs) present transformative potential for automated CMR interpretations. We explored the ability of LLMs in the automated classification and diagnosis of CMR reports for three common cardiac diseases: myocardial infarction (MI), dilated cardiomyopathy (DCM), and hypertrophic cardiomyopathy (HCM). Methods: This retrospective study enrolled CMR reports of consecutive patients from January 2015 to July 2024, including reports from three types of cardiac diseases: MI, DCM, and HCM. Six LLMs, including GPT-3.5, GPT-4.0, Gemini-1.0, Gemini-1.5, PaLM, and LLaMA, were used to classify and diagnose the CMR reports. The results of the LLMs, with minimal or informative prompts, were compared with those of radiologists. Accuracy (ACC) and balanced accuracy (BAC) were used to evaluate the classification performance of the different LLMs. The consistency between radiologists and LLMs in classifying heart disease categories was evaluated using Gwet’s Agreement Coefficient (AC1 value). Diagnostic performance was analyzed through receiver operating characteristic (ROC) curves. Cohen’s kappa was used to assess the reproducibility of the LLMs’ diagnostic results obtained at different time intervals (a 30-day interval). Results: This study enrolled 543 CMR cases, including 275 MI, 120 DCM, and 148 HCM cases. The overall BAC of the minimal prompted LLMs, from highest to lowest, were GPT-4.0, LLaMA, PaLM, GPT-3.5, Gemini-1.5, and Gemini-1.0. The informative prompted models of GPT-3.5 (P<0.001), GPT-4.0 (P<0.001), Gemini-1.0 (P<0.001), Gemini-1.5 (P=0.02), and PaLM (P<0.001) showed significant improvements in overall ACC compared to their minimal prompted models, whereas the informative prompted model of LLaMA did not show a significant improvement in overall ACC compared to the minimal prompted model (P=0.06). GPT-4.0 performed best in both the minimal prompted (ACC =88.6%, BAC =91.7%) and informative prompted (ACC =95.8%, BAC =97.1%) models. GPT-4.0 demonstrated the highest agreement with radiologists [AC1=0.82, 95% confidence interval (CI): 0.78–0.86], significantly outperforming others (P<0.001). For the informative prompted models of LLMs, GPT-4.0 + informative prompt (AC1=0.93, 95% CI: 0.90–0.96), GPT-3.5 + informative prompt (AC1=0.93, 95% CI: 0.90–0.95), Gemini-1.0 + informative prompt (AC1=0.90, 95% CI: 0.87–0.93), PaLM + informative prompt (AC1=0.86, 95% CI: 0.82–0.90), LLaMA + informative prompt (AC1=0.82, 95% CI: 0.78–0.86), and Gemini-1.5 + informative prompt (AC1=0.80, 95% CI: 0.76–0.84) all showed almost perfect agreement with radiologists’ diagnoses. Diagnostic performance was excellent for GPT-4.0 [area under the curve (AUC)=0.93, 95% CI: 0.92–0.95] and LLaMA (AUC =0.92, 95% CI: 0.90–0.94) in minimal prompted models, while informative prompted models achieved superior performance, with GPT-4.0 + informative prompt reaching the highest AUC of 0.98 (95% CI: 0.97–0.99). All models demonstrated good reproducibility (κ>0.80, P<0.001). Conclusions: LLMs demonstrated outstanding performance in the automated classification and diagnosis of targeted CMR interpretations, especially with informative prompts, suggesting the potential for these models to serve as adjunct tools in CMR diagnostic workflows. © AME Publishing Company.",2025
607,"Background: Major adverse cardiovascular events (MACE) represent critical endpoints in cardiovascular research. The occurrence of MACE in patients with unstable angina pectoris (UAP) exhibits multidimensional complexity. We employed multi-label learning (MLL) models to concurrently predict five distinct types of MACE. Methods: This prospective observational cohort study analysed the 978 UAP patients from the Second Affiliated Hospital of Shanxi Medical University (Taiyuan, China) between July 1, 2017, and June 30, 2019. Three-year follow-up endpoints encompassed all-cause death, heart failure, stroke, myocardial infarction, and revascularization. We utilized ReliefF for Multi-label Feature Selection (RFML), Mutual Information-based Feature Selection (MIFS), and Scalable Criteria for Large label Set (SCLS) to identify significant prognostic variables. Nineteen MLL models were implemented, including Binary Relevance (BR), Classifier Chains (CC), Label Powerset (LP), Random k-Labelsets (RAkEL), Multi-label k-Nearest Neighbor, Twin Support Vector Machine to Multi-label Learning, and Wrapping multi-label learning with label-specific features generation. BR, CC, LP, and RAkEL models were constructed using four base classifiers: Decision Tree, Random Forest, Extreme Gradient Boosting, and Light Gradient Boosting Machine. Performance evaluation incorporated 12 different metrics. Results: The RFML, MIFS, and SCLS respectively screened 18, 12, and 14 important features, and the MLL prediction performance based on RFML selected features was the best. Among the MLL models, RAkEL with Random Forest as the base classifier demonstrated superior predictive performance, achieving an Accuracy of 0.575 ± 0.022, Precision of 0.646 ± 0.029, Hamming loss of 0.159 ± 0.008, One error of 0.425 ± 0.022, Macro_F1 of 0.719 ± 0.028, Micro_F1 of 0.740 ± 0.011, Macro_AUC of 0.786 ± 0.031, Micro_AUC of 0.806 ± 0.030 and Multi-Brier Score of 0.115 ± 0.035. Conclusions: The RAkEL model with Random Forest as the base classifier significantly enhanced predictive accuracy for MACE in UAP patients. This approach provides a more comprehensive risk assessment, enabling clinicians to develop personalized treatment strategies and improve patient outcomes. © 2025 The Authors",2025
67,"Background and Objectives: The electrocardiogram (ECG)–based STEMI/NSTEMI classification determines the urgency of invasive management in acute myocardial infarction. However, it often underestimates the presence of acute coronary occlusion (ACO) in patients presenting with non-ST-elevation myocardial infarction (NSTEMI). Artificial intelligence (AI)-assisted ECG interpretation has emerged as a potential tool to improve early recognition of ACO. This study aimed to determine the prevalence of ACO among NSTEMI patients, to compare clinical characteristics between patients with and without ACO and to explore the potential role of AI in earlier recognition of ACO. Materials and Methods: All consecutive NSTEMI patients undergoing coronary angiography between September 2022 and December 2024 were included. Contrary to other studies that included TIMI flow grades 0–1, 0–2, or 0–3, ACO in our study was defined strictly as a culprit lesion with TIMI flow grade 0 at index coronary angiography. Clinical characteristics were compared between ACO and non-ACO patients. Admission 12-lead ECGs from ACO patients were retrospectively analysed using a clinically validated AI-based ECG interpretation model and classified according to the urgency of invasive management. Results: Among 520 NSTEMI patients, 49 (9.4%) had angiographically confirmed ACO. Within the non-ACO group, 7.0% of patients had TIMI flow grade 1 on index coronary angiography (6.3% of the total population). Therefore, 15.7% of the study population had TIMI flow grade 0/1. ACO patients were younger (60.9 ± 12.8 vs. 66.3 ± 12.0 years, p = 0.0065). Clinical characteristics did not differ between the groups, except for dyslipidemia, which was more prevalent in non-ACO patients (38.8% vs. 53.9%, p = 0.043). Revascularisation rates were higher in the ACO group (93.9% vs. 82.2%, p = 0.037). Culprit vessel distribution differed markedly between the groups (p < 0.0001). In multivariable logistic regression analysis, age was independently associated with ACO (OR 0.96, 95% CI 0.93–0.99, p = 0.007). AI-assisted ECG analysis was performed in 42 ACO patients; 57.1% were classified as requiring immediate invasive management. Conclusions: A significant proportion of NSTEMI patients have ACO. AI-assisted ECG interpretation may support earlier identification of ACO, although its clinical impact requires further validation. Future studies are warranted to confirm these findings. © 2026 by the authors.",2026
1114,"Coronary computed tomographic angiography (CCTA) has emerged as a fast and robust tool with high sensitivity and excellent negative predictive value for the evaluation of coronary artery disease, but is unable to estimate the hemodynamic significance of a lesion. Advances in computed tomography (CT)-based diagnostic techniques, for example, CT-derived fractional flow reserve and CT perfusion, have helped transform CCTA primarily from an anatomic assessment tool to a technique that is able to provide both anatomic and functional information for a stenosis. With the results of the ISCHEMIA trial published in 2019, these advanced techniques can elevate CCTA into the role of a better gatekeeper for decision-making and can help guide referral for invasive management. In this article, we review the principles, limitations, diagnostic performance, and clinical utility of these 2 functional CT-based techniques in the evaluation of vessel-specific and lesion-specific ischemia.  © 2023 Wolters Kluwer Health, Inc. All rights reserved.",2023
247,"Objective To investigate the diagnostic value of radiomics based on coronary artery and peri-coronary adipose tissue (PCAT) imaging from CT coronary artery calcification score (CACS) scans for detecting non-calcified plaques (NCP) in the main coronary arteries of middle-aged populations. Methods This study employed a cross-sectional design. A retrospective analysis was conducted on clinical and imaging data from 633 patients aged 45-60 years who underwent coronary CT angiography (CCTA) at the First Affiliated Hospital of Soochow University between June 2019 and August 2024. CCTA identified 363 cases [228 left anterior descending (LAD) arteries and 175 right coronary arteries (RCA)] with NCP, while 270 cases (269 LAD and 269 RCA) showed no abnormalities. Using stratified sampling, the LAD were allocated to a training set (422 vessels) and a test set (75 vessels), while the RCA were divided into a training set (377 vessels) and a test set (67 vessels). Deep learning-based segmentation models were employed on CACS sequence images to automatically generate regions of interest (ROIs) for the coronary arteries, PCAT, and combined coronary artery-PCAT. Radiomic features were selected based on the intraclass correlation coefficient (ICC), maximum relevance minimum redundancy (mRMR), and least absolute shrinkage and selection operator (LASSO). Three radiomics models, coronary artery, PCAT, and combined coronary artery-PCAT, were developed for the LAD and RCA, respectively. The diagnostic performance of these models for NCP was evaluated using the area under the receiver operating characteristic (ROC) curve (AUC).The DeLong test was applied to compare AUC differences and select the final radiomics model. Combined clinical models were developed by incorporating age and gender. Model diagnostic performance was evaluated using ROC analysis. The DeLong test was used to compare the differences in AUC between the final radiomics model and the combined clinical model for diagnosing NCP. Results From the ROIs of the LAD coronary arteries, PCAT, and combined coronary artery-PCAT, 1 688 radiomic features were extracted. The ICC, mRMR, and LASSO were used to select 19, 13, and 14 features, respectively, to construct three LAD radiomic models. Similarly, 11, 9, and 11 features were selected to construct the three RCA radiomic models. The three models achieved AUCs of 0.72, 0.72, and 0.74 for diagnosing NCP in the LAD and 0.84, 0.81, and 0.85 in the RCA respectively. The DeLong test showed that no significant differences in AUCs were observed among the three models for the diagnosis of NCP in either the LAD or the RCA (P>0.05). Therefore, the final radiomic and combined models were constructed using radiomic features from the combined coronary artery-PCAT ROIs, along with age and gender. The LAD and RCA radiomic models demonstrated AUCs of 0.74 (95%CI 0.63-0.85) and 0.85 (95%CI 0.75-0.94), respectively, in the test group. The LAD and RCA combined clinical models showed AUCs of 0.73 (95%CI 0.61-0.84) and 0.84 (95%CI 0.74-0.93) in the test group, no significant differences in performance were shown between the two models (P>0.05). Conclusion Radiomics analysis of coronary arteries and PCAT from CACS CT scans demonstrates its feasibility for diagnosing non-calcified plaques in the coronary arteries of middle-aged populations. 2026, Chinese Medical Association",2026
135,"Background: Prior studies have demonstrated an association between retinal vascular features and cardiovascular disease (CVD), however most studies have only evaluated a few simple parameters at a time. Our aim was to determine whether a deep-learning artificial intelligence (AI) model could be used to predict CVD outcomes from routinely obtained diabetic retinal screening photographs and to compare its performance to a traditional clinical CVD risk score. Methods: We included 6127 individuals with type 2 diabetes without myocardial infarction or stroke prior to study entry. The cohort was divided into training (70%), validation (10%) and testing (20%) cohorts. Clinical 10-year CVD risk was calculated using the pooled cohort equation (PCE) risk score. A polygenic risk score (PRS) for coronary heart disease was also obtained. Retinal images were analysed using an EfficientNet-B2 network to predict 10-year CVD risk. The primary outcome was time to first major adverse CV event (MACE) including CV death, myocardial infarction or stroke. Results: 1241 individuals were included in the test cohort (mean PCE 10-year CVD risk 35%). There was a strong correlation between retinal predicted CVD risk and the PCE risk score (r = 0.66) but not the polygenic risk score (r = 0.05). There were 288 MACE events. Higher retina-predicted risk was significantly associated with increased 10-year risk of MACE (HR 1.05 per 1% increase; 95% CI 1.04–1.06, p < 0.001) and remained so after adjustment for the PCE and polygenic risk score (HR 1.03; 95% CI 1.02–1.04, p < 0.001). The retinal risk score had similar performance to the PCE (both AUC 0.697) and when combined with the PCE and polygenic risk score had significantly improved performance compared to the PCE alone (AUC 0.728). An increase in retinal-predicted risk within 3 years was associated with subsequent increased MACE likelihood. Conclusions: A deep-learning AI model could accurately predict MACE from routine retinal screening photographs with a comparable performance to traditional clinical risk assessment in a diabetic cohort. Combining the AI-derived retinal risk prediction with a coronary heart disease polygenic risk score improved risk prediction. AI retinal assessment might allow a one-stop CVD risk assessment at routine retinal screening. © The Author(s) 2025.",2025
1232,"OBJECTIVE This study evaluates the relationship between atherosclerotic plaque characteristics (APCs) and angiographic stenosis severity in patients with and without diabetes. Whether APCs differ based on lesion severity and diabetes status is unknown. RESEARCH DESIGN AND METHODS We retrospectively evaluated 303 subjects from the Computed TomogRaphic Evaluation of Atherosclerotic Determinants of Myocardial IsChEmia (CREDENCE) trial referred for invasive coronary angiography with coronary computed tomographic angiography (CCTA) and classified lesions as obstructive (‡50% stenosed) or nonobstructive using blinded core laboratory analysis of quantitative coronary angiography. CCTA quantified APCs, including plaque volume (PV), calcified plaque (CP), noncalcified plaque (NCP), low-density NCP (LD-NCP), lesion length, positive remodeling (PR), high-risk plaque (HRP), and percentage of atheroma volume (PAV; PV normalized for vessel volume). The relationship between APCs, stenosis severity, and diabetes status was assessed. RESULTS Among the 303 patients, 95 (31.4%) had diabetes. There were 117 lesions in the cohort with diabetes, 58.1% of which were obstructive. Patients with diabetes had greater plaque burden (P = 0.004). Patients with diabetes and nonobstructive disease had greater PV (P = 0.02), PAV (P = 0.02), NCP (P = 0.03), PAV NCP (P = 0.02), dis-eased vessels (P = 0.03), and maximum stenosis (P = 0.02) than patients without diabetes with nonobstructive disease. APCs were similar between patients with diabetes with nonobstructive disease and patients without diabetes with obstructive disease. Diabetes status did not affect HRP or PR. Patients with diabetes had similar APCs in obstructive and nonobstructive lesions. CONCLUSIONS Patients with diabetes and nonobstructive stenosis had an association to similar APCs as patients without diabetes who had obstructive stenosis. Among patients with nonobstructive disease, patients with diabetes had more total PV and NCP. © 2023 by the American Diabetes Association.",2023
651,"Aims Early detection of the need for coronary revascularization and timely intervention may reduce fatal events, but limited screening tools often leads to underdiagnosis. The aim of this study is to use a deep learning model (DLM) that utilizes electrocardiography (ECG) and the eXtreme Gradient Boosting (XGBoost) model to predict risk of coronary revascularization in the general population. Methods and results This study included patients with at least one ECG per patient. The development set comprised 113 451 patients for training a DLM. After excluding patients with elevated troponin I levels and those without follow-up records, the internal validation set consisted of 66 680 patients. The external validation was conducted using data from a community hospital. XGBoost predicted events based on demographic data and ECG features. The primary endpoint was coronary revascularization within 1 year. Model performance was evaluated using the C-index. The DLM stratified patients by risk of coronary revascularization within 1 year. The study included 51% males with a mean age of 53 years, 10% with diabetes, and a revascularization rate of 2.6%. High-risk patients had a hazard ratio of 9.77 (95% CI: 7.63-12.51) compared with low-risk patients. The C-index was 0.825 (95% CI: 0.81-0.84). Combining demographic and AI-ECG data, XGBoost achieved a C-index of 0.884 (95% CI: 0.87-0.89). Comparative C-index analysis revealed significantly different discriminative performance between models (P = 1.110223e-15). Conclusions The DLM demonstrates ECG's potential as a screening tool for coronary revascularization, enabling opportunistic detection and prompting further evaluation of high-risk patients. © 2025 The Author(s). Published by Oxford University Press on behalf of the European Society of Cardiology.",2025
843,"BACKGROUND: Accurate delineation of scar patterns is valuable for guiding catheter ablation of ventricular tachycardia. We hypothesized that scar and its pattern of distribution can be determined from intracardiac electrograms using computational signal processing and that further improvements in classification can be achieved with a convolutional neural network. METHODS: A total of 5 sheep underwent anteroseptal infarction (plus 1 healthy control) with electroanatomic mapping (129±12 days post-infarct). A whole-heart histological model of the postinfarction scar was created and coregistered to ventricular electrograms. Electrograms were matched to scar pattern categories; no scar, at least endocardial scar: at least intramural scar (intramural scar sparing the endocardium), or epicardial-only scar (epicardial scar sparing the endocardium/intramural space). A suite of signal-processing features was extracted from bipolar electrograms. Furthermore, bipolar and unipolar electrograms were used to train a time series convolutional neural network (InceptionTime). RESULTS: A total of 11 551 electrograms were matched to 451 biopsies. Bipolar and unipolar voltage alone were poor classifiers of scar patterns. For each of the scar labels, 20 bipolar electrogram features (predominantly within the frequency domain) yielded an area under the curve of 0.815, 0.810, 0.704, and 0.681 to predict no scar, at least endocardial scar, at least intramural scar, and epicardial-only scar, respectively. Substantial improvement was achieved with a convolutional neural network trained on unipolar electrograms: areas under the curve and accuracy (averaged across wavefronts) were 0.977 and 0.929 for no scar, 0.970 and 0.919 for at least endocardial scar, 0.909 and 0.959 for at least intramural scar and 0.926 and 0.958 for epicardial-only scar. CONCLUSIONS: Convolutional neural network-derived analysis of unipolar electrogram data has excellent predictive value for determination of scar patterns. Computational analyses of electrogram data beyond voltage and other time-domain features are necessary to improve the identification of arrhythmogenic sites in the ventricle.  © 2025 American Heart Association, Inc.",2025
1372,"Patients with type 2 diabetes mellitus (T2DM) and coronary artery disease (CAD) without myocardial infarction (MI) or stroke are at high risk for major cardiovascular events (MACEs). We aimed to provide real-world data on age-related clinical characteristics, treatment management, and incidence of major cardiovascular outcomes in T2DM-CAD patients in Spain from 2014 to 2018. We used EHRead® technology, which is based on natural language processing and machine learning, to extract unstructured clinical information from electronic health records (EHRs) from 12 hospitals. Of the 4072 included patients, 30.9% were younger than 65 years (66.3% male), 34.2% were aged 65–75 years (66.4% male), and 34.8% were older than 75 years (54.3% male). These older patients were more likely to have hypertension (OR 2.85), angina (OR 1.64), heart valve disease (OR 2.13), or peripheral vascular disease (OR 2.38) than those aged <65 years (p < 0.001 for all comparisons). In general, they were also more likely to receive pharmacological and interventional treatments. Moreover, these patients had a significantly higher risk of MACEs (HR 1.29; p = 0.003) and ischemic stroke (HR 2.39; p < 0.001). In summary, patients with T2DM-CAD in routine clinical practice tend to be older, have more comorbidities, are more heavily treated, and have a higher risk of developing MACE than is commonly assumed from clinical trial data. © 2023 by the authors.",2023
394,"Objectives: The long-term prognostic significance of the coronary computed tomography angiography (CCTA)–derived fractional flow reserve (CT-FFR) for non-obstructive coronary artery disease (CAD) is uncertain. We aimed to investigate the additional prognostic value of CT-FFR beyond CCTA–defined atherosclerotic burden for long-term outcomes. Materials and methods: Consecutive patients with suspected stable CAD were candidates for this retrospective cohort study. Deep-learning-based vessel-specific CT-FFR was calculated. All patients enrolled were followed for at least 5 years. The primary outcome was major adverse cardiovascular events (MACE). Predictive abilities for MACE were compared among three models (model 1, constructed using clinical variables; model 2, model 1 + CCTA–derived atherosclerotic burden (Leiden risk score and segment involvement score); and model 3, model 2 + CT-FFR). Results: A total of 1944 patients (median age, 59 (53–65) years; 53.0% men) were included. During a median follow-up time of 73.4 (71.2–79.7) months, 64 patients (3.3%) experienced MACE. In multivariate-adjusted Cox models, CT-FFR ≤ 0.80 (HR: 7.18; 95% CI: 4.25–12.12; p < 0.001) was a robust and independent predictor for MACE. The discriminant ability was higher in model 2 than in model 1 (C-index, 0.76 vs. 0.68; p = 0.001) and was further promoted by adding CT-FFR to model 3 (C-index, 0.83 vs. 0.76; p < 0.001). Integrated discrimination improvement (IDI) was 0.033 (p = 0.022) for model 2 beyond model 1. Of note, compared with model 2, model 3 also exhibited improved discrimination (IDI = 0.056; p < 0.001). Conclusions: In patients with non-obstructive CAD, CT-FFR provides robust and incremental prognostic information for predicting long-term outcomes. The combined model including CT-FFR and CCTA–defined atherosclerotic burden exhibits improved prediction abilities, which is helpful for risk stratification. Key Points: Question Prognostic significance of the CT-fractional flow reserve (FFR) in non-obstructive coronary artery disease for long-term outcomes merits further investigation. Findings Our data strongly emphasized the independent and additional predictive value of CT-FFR beyond coronary CTA-defined atherosclerotic burden and clinical risk factors. Clinical relevance The new combined predictive model incorporating CT-FFR can be satisfactorily used for risk stratification of patients with non-obstructive coronary artery disease by identifying those who are truly suitable for subsequent high-intensity preventative therapies and extensive follow-up for prognostic reasons. © The Author(s), under exclusive licence to European Society of Radiology 2025.",2025
123,"Background: Material/Methods: Results: Conclusions: Artificial intelligence (AI) is increasingly explored as a clinical decision-support tool in nephrology; however, its real-world applicability for dialysis decision-making in emergency and intensive care unit (ICU) settings remains insufficiently studied. Hemodialysis initiation and prescription are complex, time-sensitive, and dynamic processes that require expert clinical judgment. This retrospective observational study evaluated agreement between AI-generated (ChatGPT) and nephrologistmade dialysis decisions in emergency and ICU settings. Adult patients undergoing first-time dialysis were included. Agreement was assessed for dialysis initiation, modality selection, and key prescription parameters. To ensure clinical relevance, continuous prescription variables were categorized into predefined ranges. Agreement was quantified using Gwet’s AC1 coefficient and Cramér’s V statistic. Eighty-four patients were included. AI demonstrated 100% agreement with nephrologists regarding dialysis initiation. Overall agreement for dialysis modality selection was 92.9% (Cramér’s V=0.87, P<0.001). Agreement for core dialysis prescription parameters – including blood flow rate, dialysate sodium, potassium, and calcium concentrations – was high across modalities (all P<0.001). Lower agreement was observed for ultrafiltration-related parameters, particularly ultrafiltration duration, reflecting the individualized and dynamic nature of volume management during dialysis. AI-assisted decision support demonstrated high agreement with nephrologist decisions for initial dialysis initiation, modality selection, and core prescription parameters in emergency and ICU settings. Discrepancies were primarily confined to ultrafiltration-related decisions, underscoring the necessity of ongoing bedside clinical judgment. These findings support the role of AI as a decision-support tool rather than a replacement for clinician-led dialysis management. © Med Sci Monit, 2026;.",2026
1330,"Background: Deep learning interpretation of echocardiographic images may facilitate automated assessment of cardiac structure and function. Objectives: We developed a deep learning model to interpret echocardiograms and examined the association of deep learning–derived echocardiographic measures with incident outcomes. Methods: We trained and validated a 3-dimensional convolutional neural network model for echocardiographic view classification and quantification of left atrial dimension, left ventricular wall thickness, chamber diameter, and ejection fraction. The training sample comprised 64,028 echocardiograms (n = 27,135) from a retrospective multi-institutional ambulatory cardiology electronic health record sample. Validation was performed in a separate longitudinal primary care sample and an external health care system data set. Cox models evaluated the association of model-derived left heart measures with incident outcomes. Results: Deep learning discriminated echocardiographic views (area under the receiver operating curve >0.97 for parasternal long axis, apical 4-chamber, and apical 2-chamber views vs human expert annotation) and quantified standard left heart measures (R2 range = 0.53 to 0.91 vs study report values). Model performance was similar in 2 external validation samples. Model-derived left heart measures predicted incident heart failure, atrial fibrillation, myocardial infarction, and death. A 1-SD lower model-left ventricular ejection fraction was associated with 43% greater risk of heart failure (HR: 1.43; 95% CI: 1.23-1.66) and 17% greater risk of death (HR: 1.17; 95% CI: 1.06-1.30). Similar results were observed for other model-derived left heart measures. Conclusions: Deep learning echocardiographic interpretation accurately quantified standard measures of left heart structure and function, which in turn were associated with future clinical outcomes. Deep learning may enable automated echocardiogram interpretation and disease prediction at scale. © 2023 American College of Cardiology Foundation",2023
816,"Background: A novel artificial intelligence-guided quantitative computed tomography ischemia algorithm (AI-QCTischemia) comprises a machine-learned method using atherosclerosis and vascular morphology features from coronary computed tomography angiography (CCTA) images to predict myocardial ischemia. This study evaluates the diagnostic performance of AI-QCTischemia compared to standard CCTA interpretation in detecting myocardial ischemia. Methods and results: Patients with suspected coronary artery disease (CAD) undergoing CCTA were analyzed, with ischemia detected by stress [15O]H2O positron emission tomography (PET) as the reference. AI-QCTischemia analysis was successfully completed in 84 ​% of patients undergoing CCTA. A total of 1746 patients (mean age 62 ​± ​10 years, 44 ​% male) were included. In visual CCTA reading, 518 (30 ​%) patients had obstructive CAD, defined as diameter stenosis of ≥50 ​%. Myocardial ischemia on PET was detected in 325 (19 ​%) patients whereas AI-QCTischemia was positive in 430 (25 ​%) patients. The diagnostic accuracy, sensitivity, specificity, positive predictive value, and negative predictive value of the AI-QCTischemia for the assessment of myocardial ischemia were 87 ​%, 81 ​%, 88 ​%, 61 ​%, and 95 ​%, respectively, compared to 86 ​%, 93 ​%, 85 ​%, 58 ​%, and 98 ​% for visual CCTA reading. AI-QCTischemia demonstrated higher diagnostic accuracy, specificity, and positive predictive value, but lower sensitivity and negative predictive value than visual CCTA reading (p-value <0.001). Combining AI-QCTischemia with visual CCTA reading improved ischemia discrimination compared with visual CCTA reading alone (area under the receiver operating characteristic curve 0.899 vs. 0.868, p ​< ​0.001). Conclusions: Among patients with suspected CAD, the AI-guided CCTA-derived ischemia algorithm demonstrated improved specificity as compared with visual CCTA reading but this was at a cost of decreased sensitivity, resulting in a slight improvement in diagnostic accuracy for predicting PET-defined myocardial ischemia. These findings suggest that AI-QCTischemia may support clinicians in refining diagnostic decision-making and streamlining patient selection for further testing. © 2025",2025
425,"Background: Acute Kidney Injury (AKI) is a sudden and often reversible condition characterized by rapid kidney function reduction, posing significant risks to coronary artery disease (CAD) patients. This study focuses on developing accurate predictive models to improve the early detection and prognosis of AKI in CAD patients. Methods: We used Electronic Health Records (EHRs) from a nationwide CAD registry including 54 429 patients. Initially, univariate analysis identified potential predictors. Subsequently, a stepwise multivariate logistic model integrated clinical significance and data distribution. To refine predictor selection, we applied a random forest algorithm. The top 10 variables, including admission to the surgical department, EGFR, hemoglobin, and others, were incorporated into a logistic regression-based prediction model. Model performance was assessed using the area under the curve (AUC) and calibration analysis, and a nomogram was developed for practical application. Results: During hospitalization, 2,112 (3.88%) patients in the overall population of both the development and validation groups experienced AKI within 30 days. The final prediction model exhibited strong discrimination with an AUC of 0.867 (95% CI: 0.858 to 0.876) and well calibration capability in both the development and validation groups. Key predictors included surgical department admission, eGFR, hemoglobin, chronic kidney disease history, male sex, white blood cell count, age, left ventricular ejection fraction, acute myocardial infarction at admission, and congestive heart failure history. Bootstrap resampling confirmed model stability (Harrell's optimism-correct AUC = 0.866). The nomogram provided a practical tool for AKI risk assessment. Conclusion: This study introduced a refined AKI risk prediction model for CAD patients. This model showed adaptability to subgroups and held the potential for early AKI alerts and personalized interventions, thereby enhancing patient care. © The Author(s) 2025.",2025
1220,"Background: Left ventricular (LV) subclinical remodeling is associated with adverse outcomes and indicates mechanisms of disease development. Standard metrics such as LV mass and volumes may not capture the full range of remodeling. Purpose: To quantify the relationship between LV three-dimensional shape at MRI and incident cardiovascular events over 10 years. Materials and Methods: In this retrospective study, 5098 participants from the Multi-Ethnic Study of Atherosclerosis who were free of clinical cardiovascular disease underwent cardiac MRI from 2000 to 2002. LV shape models were automatically generated using a machine learning workflow. Event-specific remodeling signatures were computed using partial least squares regression, and random survival forests were used to determine which features were most associated with incident heart failure (HF), coronary heart disease (CHD), and cardiovascular disease (CVD) events over a 10-year follow-up period. The discrimination improvement of adding LV shape to traditional cardiovascular risk factors, coronary artery calcium scores, and N-terminal pro–brain natriuretic peptide levels was assessed using the index of prediction accuracy and time-dependent area under the receiver operating characteristic curve (AUC). Kaplan-Meier survival curves were used to illustrate the ability of remodeling signatures to predict the end points. Results: Overall, 4618 participants had sufficient three-dimensional MRI information to generate patient-specific LV models (mean age, 60.6 years ± 9.9 [SD]; 2540 women). Among these participants, 147 had HF, 317 had CHD, and 455 had CVD events. The addition of LV remodeling signatures to traditional cardiovascular risk factors improved the mean AUC for 10-year survival prediction and achieved better performance than LV mass and volumes; HF (AUC, 0.83 ± 0.01 and 0.81 ± 0.01, respectively; P <.05), CHD (AUC, 0.77 ± 0.01 and 0.75 ± 0.01, respectively; P <.05), and CVD (AUC, 0.78 ± 0.0 and 0.76 ± 0.0, respectively; P <.05). Kaplan-Meier analysis demonstrated that participants with high-risk HF remodeling signatures had a 10-year survival rate of 56% compared with 95% for those with low-risk scores. Conclusions: Left ventricular event-specific remodeling signatures were more predictive of heart failure, coronary heart disease, and cardiovascular disease events over 10 years than standard mass and volume measures and enable an automatic personalized medicine approach to tracking remodeling. © RSNA, 2022.",2023
643,"Background: Accurate operative scheduling is essential for the appropriation of operating room esources. We sought to implement a machine learning model to predict primary total hip arthroplasty (THA) and total knee arthroplasty (TKA) case time. Methods: A total of 10,590 THAs and 12,179 TKAs between July 2017 and December 2022 were retrospectively identified. Cases were chronologically divided into training, validation, and test sets. The test set cohort included 1,588 TKAs and 1,204 THAs. There were four ML algorithms developed: linear ridge regression (LR), random forest, XGBoost, and explainable boosting machine. Each model's case time estimate was compared to the scheduled estimate measured in 15-minute “wait” time blocks (“underbooking”) and “excess” time blocks (“overbooking”). Surgical case time was recorded, and SHAP values were assigned to patient characteristics, surgical information, and the patient's medical condition to understand feature importance. Results: The most predictive model input was “median previous 30 procedure case times.” The XGBoost model outperformed the other models in predicting both TKA and THA case times. The model reduced TKA ‘excess time blocks’ by 85 blocks (P < 0.001) and ‘wait time blocks’ by 96 blocks (P < 0.001). The model did not significantly reduce ‘excess time blocks’ in THA (P = 0.89) but did significantly reduce ‘wait time blocks’ by 134 blocks (P < 0.001). In total, the model improved TKA operative booking by 181 blocks (2,715 minutes) and THA operative booking by 138 blocks (2,070 minutes). Conclusions: Machine learning outperformed a traditional method of scheduling total joint arthroplasty cases. The median time of the prior 30 surgical cases was the most influential on scheduling case time accuracy. As ML models improve, surgeons should consider ML utilization in case scheduling; however, prior 30 surgical cases may serve as an adequate alternative. © 2024 Elsevier Inc.",2025
767,"Background: Assessment of coronary artery disease (CAD) is critical in managing severe aortic stenosis. Unplanned coronary angiography after TAVR, with or without percutaneous coronary intervention, may present significant challenges. Objectives: The aim of this study was to evaluate the incidence, predictors, and outcomes of unplanned coronary angiography after transcatheter aortic valve replacement (TAVR). Methods: All TAVR procedures between July 2015 and December 2021 were examined for the occurrence of unplanned angiography and for procedural success with percutaneous coronary intervention if attempted, and a machine learning prediction model was created. Results: Among 1,444 patients (median age 81 years, 59% men), 6.7% had unplanned post-TAVR angiography, 45% within the first year. The most common indication was acute coronary syndrome, which occurred in 3.3% overall. Patients with preprocedural CAD (50.1%) had a significantly higher incidence of unplanned angiography (10.5% vs 2.9%; P < 0.001) in comparison with others. In multivariable analysis, factors associated with unplanned angiography were age (>75 years; HR: 0.46; 95% CI: 0.30-0.71; P < 0.001), mean aortic valve gradient (HR: 0.82; 95% CI: 0.68-0.98; P = 0.031), dialysis (HR: 2.68; 95% CI: 1.07-6.74; P = 0.036), and CAD (HR: 2.96; 95% CI: 1.76-4.98; P < 0.001). In multivariate models, these same variables had areas under the curve of 0.71 to 0.77 for 5-year prediction of unplanned angiography. Conclusions: Unplanned angiography post-TAVR occurs in about 1 in 15 patients, with about one-half occurring within the first year, about one-half due to acute coronary syndrome, and pre-existing CAD being the strongest predictor. For those considering TAVR and who have or are at risk for CAD, a comprehensive strategy to facilitate lifetime management is needed. © 2025 American College of Cardiology Foundation",2025
660,"In this article, we aim to explore the rapidly developing role of artificial intelligence (AI) in cardiac metabolism research, highlighting its impact on biomarker discovery, precision medicine, and patient stratification. Cardiac metabolism, a key determinant of cardiovascular health, is often disrupted in cardiovascular diseases (CVDs) like heart failure and coronary artery disease. AI’s ability to process and analyze large-scale data offers new chances for understanding and addressing these metabolic dysfunctions. By integrating up-to-date technologies with molecular and clinical insights, AI enables the achievement of personalized treatments, more accurate diagnostics, and the discovery of potential novel therapeutic targets. The main challenges include ethical concerns around data privacy, algorithmic bias, and the need for representative datasets. Future directions focus on developing transparent, accountable, and collaborative AI models that integrate data and enable real-time monitoring, ensuring fairness and accessibility in healthcare. As AI continues to evolve, its role in advancing cardiovascular care is expected to grow, offering new trends in cardiovascular research. © The Author(s) 2025.",2025
